<?xml version="1.0" encoding="UTF-8"?>
<eml:eml xmlns:eml="eml://ecoinformatics.org/eml-2.1.1" xmlns:dc="http://purl.org/dc/terms/" xmlns:xsi="http://www.w3.org/2001/XMLSchema-instance" xsi:schemaLocation="eml://ecoinformatics.org/eml-2.1.1 http://rs.gbif.org/schema/eml-gbif-profile/1.0.1/eml.xsd" packageId="5118c114-6513-4e33-83aa-f0e875aa267d" system="https://symbiota.org" scope="system" xml:lang="eng"><dataset><title xml:lang="eng">CCH2 Portal general data extract</title><creator id="e48fca90-c3c1-46c0-ab72-ff8a7bb13c05"><organizationName>CCH2 Portal</organizationName><electronicMailAddress>jyost@calpoly.edu</electronicMailAddress><onlineUrl>https://www.cch2.org/portal/index.php</onlineUrl></creator><metadataProvider><organizationName>CCH2 Portal</organizationName><electronicMailAddress>jyost@calpoly.edu</electronicMailAddress><onlineUrl>https://www.cch2.org/portal/index.php</onlineUrl></metadataProvider><pubDate>2021-10-02</pubDate><language>eng</language></dataset><additionalMetadata><metadata><symbiota><dateStamp>2021-10-02T13:57:25-07:00</dateStamp><citation identifier="fbdd0868-2697-47d1-ba74-f74318294083">CCH2 Portal - fbdd0868-2697-47d1-ba74-f74318294083</citation><physical><characterEncoding>UTF-8</characterEncoding><dataFormat><externallyDefinedFormat><formatName>Darwin Core Archive</formatName></externallyDefinedFormat></dataFormat></physical><collection identifier="3818c5b4-b6a4-11e8-b408-001a64db2964" id="3"><alternateIdentifier>https://www.cch2.org/portal/collections/misc/collprofiles.php?collid=3</alternateIdentifier><parentCollectionIdentifier>UCR</parentCollectionIdentifier><collectionIdentifier></collectionIdentifier><collectionName>UCR - University of California, Riverside Herbarium - Vascular Plants</collectionName><resourceLogoUrl>https://swbiodiversity.org/seinet/content/collicon/ucr.jpg</resourceLogoUrl><onlineUrl>http://herbarium.ucr.edu/Herbarium.html</onlineUrl><intellectualRights>http://creativecommons.org/licenses/by-nc/4.0/</intellectualRights><abstract></abstract><associatedParty><individualName><surName>Andrew Sanders</surName><givenName></givenName></individualName><electronicMailAddress>Andrew.Sanders@ucr.edu</electronicMailAddress></associatedParty></collection><collection identifier="3818d002-b6a4-11e8-b408-001a64db2964" id="6"><alternateIdentifier>https://www.cch2.org/portal/collections/misc/collprofiles.php?collid=6</alternateIdentifier><parentCollectionIdentifier>SDSU</parentCollectionIdentifier><collectionIdentifier></collectionIdentifier><collectionName>SDSU - San Diego State University Herbarium</collectionName><resourceLogoUrl>https://cch2.org/portal/content/collicon/sdsu.png</resourceLogoUrl><onlineUrl>http://www.sci.sdsu.edu/herb</onlineUrl><intellectualRights>http://creativecommons.org/licenses/by-nc/4.0/</intellectualRights><associatedParty><individualName><surName>Michael Simpson, Curator</surName><givenName></givenName></individualName><electronicMailAddress>sdsuherbarium@sdsu.edu</electronicMailAddress></associatedParty><abstract><para>The San Diego State University Herbarium (SDSU) is a depository of over 22,000 pressed and mounted plant specimens used in research and teaching. The purpose of these specimens is: 1) to serve as voucher documentation for research projects; 2) to serve as resources for plant identification; and 3) to serve as exemplars in plant courses. In addition, the herbarium both receives and provides loans of plant specimens used in active systematic research. The herbarium collection specializes in land plant specimens from San Diego County, California, and Baja California, with some collections from Australia, Chile, and the south Pacific.</para></abstract></collection><collection identifier="3818d95b-b6a4-11e8-b408-001a64db2964" id="12"><alternateIdentifier>https://www.cch2.org/portal/collections/misc/collprofiles.php?collid=12</alternateIdentifier><parentCollectionIdentifier>OBI</parentCollectionIdentifier><collectionIdentifier></collectionIdentifier><collectionName>OBI - Robert F. Hoover Herbarium, Cal Poly State University</collectionName><resourceLogoUrl>https://cch2.org/portal/content/collicon/obi.jpg</resourceLogoUrl><onlineUrl>http://bio.calpoly.edu</onlineUrl><intellectualRights>http://creativecommons.org/licenses/by-nc/4.0/</intellectualRights><associatedParty><individualName><surName>Yost</surName><givenName>Jenn</givenName></individualName><electronicMailAddress>jyost@calpoly.edu</electronicMailAddress><positionName>Director and Associate Professor</positionName></associatedParty><associatedParty><individualName><surName>Pearson</surName><givenName>Katie</givenName></individualName><positionName>Curator</positionName><electronicMailAddress>kdpearso@calpoly.edu</electronicMailAddress></associatedParty><abstract><para>The Hoover Herbarium houses 85,000+ specimens of vascular plants, algae, lichens, and bryophytes. The geographic focus is San Luis Obispo County, California. The collection also includes many specimens from other areas of California, other states of the US, particularly Arizona, and some from other regions of the world, especially Mexico. Emphasis areas in the collection include Asteraceae, Lupinus, and cultivated Eucalyptus. Major collections include Robert F. Hoover (1946–1969), David J. Keil (1966–present), Rhonda Riggins (1970s–2000), Tracy Call (mostly Apiaceae—late 1940s–1960s), and Robert J. Rodin (1940s–1977). The collection is used extensively in undergraduate teaching and training. &lt;br/&gt;&lt;br/&gt; Important Collections: Robert F. Hoover (1946–1969), David J. Keil (1966–present), Rhonda Riggins (1970s–2000), Tracy Call (mostly Apiaceae—late 1940s–1960s), and Robert J. Rodin (1940s–1977)</para></abstract></collection><collection identifier="3818da9e-b6a4-11e8-b408-001a64db2964" id="13"><alternateIdentifier>https://www.cch2.org/portal/collections/misc/collprofiles.php?collid=13</alternateIdentifier><parentCollectionIdentifier>UCSC</parentCollectionIdentifier><collectionIdentifier></collectionIdentifier><collectionName>UCSC Herbarium - Kenneth S. Norris Center for Natural History, University of California Santa Cruz</collectionName><resourceLogoUrl>https://nansh.org/portal/content/collicon/ucsc.jpg</resourceLogoUrl><onlineUrl>https://norriscenter.ucsc.edu/</onlineUrl><intellectualRights>http://creativecommons.org/licenses/by-nc/4.0/</intellectualRights><associatedParty><individualName><surName>Chris Lay (Administrative Director); Al Keuter (Vascular Plants Curator)</surName><givenName></givenName></individualName><electronicMailAddress>cml@ucsc.edu; akeuter@ucsc.edu</electronicMailAddress></associatedParty><abstract><para>The Herbarium at the Kenneth S. Norris Center for Natural History (UC Santa Cruz) houses more than 13,500 vascular plants, algae, lichens, and bryophytes. The collection focuses primarily on Santa Cruz County and the University of California Reserves but also contains important specimens from throughout California. The collection archives research and publication voucher specimens and is also a student education resource. Notable collections include those of R. Morgan (1969-2017), Dylan Neubauer, David Styer (Fort Ord National Monument collections), Neal Kramer (Bonny Doon Ecological Reserve collections), and the Bureau of Land Management (Cotoni-Coast Dairies National Monument collections).</para></abstract></collection><collection identifier="3818e1d3-b6a4-11e8-b408-001a64db2964" id="17"><alternateIdentifier>https://www.cch2.org/portal/collections/misc/collprofiles.php?collid=17</alternateIdentifier><parentCollectionIdentifier>RSA</parentCollectionIdentifier><collectionIdentifier>VascularPlants</collectionIdentifier><collectionName>RSA - California Botanic Garden Herbarium</collectionName><resourceLogoUrl>https://cch2.org/portal/content/collicon/rsa-vascularplants.png</resourceLogoUrl><onlineUrl>https://www.calbg.org/collections/herbarium</onlineUrl><intellectualRights>http://creativecommons.org/licenses/by-nc/4.0/</intellectualRights><associatedParty><individualName><surName>Mare Nazaire, Administrative Curator</surName><givenName></givenName></individualName><electronicMailAddress>mnazaire@calbg.org</electronicMailAddress></associatedParty><abstract><para>The combined Herbarium of California Botanic Garden (RSA) and Pomona College (POM) is a museum-quality collection of vascular plant and bryophyte specimens. With current holdings totaling over 1,250,000 specimens, the Herbarium is the third largest in California. The Herbarium is recognized throughout the world for its strength in documenting the diversity, distribution, variation, and ecology of more than 6,500 species of flowering plants, conifers, and ferns in California, which constitutes nearly 50% of the total collection. The holdings from Southern California exceed 250,000 and are unsurpassed by any other herbarium. Approximately 95% of the collection is composed of mounted sheets and filed according to a standardized system of classification. Ancillary collections that augment the collection include a cone &amp; fruit collection, wood collection, fluid preserved collection, and pollen and anatomy slide collection.</para></abstract></collection><collection identifier="3818e471-b6a4-11e8-b408-001a64db2964" id="18"><alternateIdentifier>https://www.cch2.org/portal/collections/misc/collprofiles.php?collid=18</alternateIdentifier><parentCollectionIdentifier>SJSU</parentCollectionIdentifier><collectionIdentifier></collectionIdentifier><collectionName>SJSU - Carl W. Sharsmith Herbarium, San Jose State University</collectionName><resourceLogoUrl>https://swbiodiversity.org/seinet/content/collicon/sjsu.jpg</resourceLogoUrl><onlineUrl>http://www.sjsu.edu/herbarium/</onlineUrl><intellectualRights>http://creativecommons.org/licenses/by-nc/4.0/</intellectualRights><associatedParty><individualName><surName>Lars Rosengreen, Curator</surName><givenName></givenName></individualName><electronicMailAddress>lars.rosengreen@sjsu.edu</electronicMailAddress></associatedParty><abstract><para>Founded in 1945 by Dr. Carl Sharsmith, the herbarium at San Jose State University houses a collection of more than 18,500 dried plant specimens. Many specimens were collected over Dr. Sharsmith's long career as a university professor and natural history ranger at Yosemite National Park. The collection is actively curated with approximately 500 new specimens being added every year.</para></abstract></collection><collection identifier="3818e5a2-b6a4-11e8-b408-001a64db2964" id="19"><alternateIdentifier>https://www.cch2.org/portal/collections/misc/collprofiles.php?collid=19</alternateIdentifier><parentCollectionIdentifier>LOB</parentCollectionIdentifier><collectionIdentifier></collectionIdentifier><collectionName>LOB - California State University, Long Beach Herbarium</collectionName><resourceLogoUrl>https://swbiodiversity.org/seinet/content/collicon/lob.jpg</resourceLogoUrl><onlineUrl>http://web.csulb.edu/colleges/cnsm/collections/plants/</onlineUrl><intellectualRights>http://creativecommons.org/licenses/by-nc/4.0/</intellectualRights><associatedParty><individualName><surName>Amanda Fisher</surName><givenName></givenName></individualName><electronicMailAddress>Amanda.Fisher@csulb.edu</electronicMailAddress></associatedParty><abstract><para>The herbarium has approximately 18,000 specimens preserved as dried, pressed specimens.</para></abstract></collection><collection identifier="f7e112f9-92c5-455c-a6c4-709b0f8d7f73" id="35"><alternateIdentifier>https://www.cch2.org/portal/collections/misc/collprofiles.php?collid=35</alternateIdentifier><parentCollectionIdentifier>UCSB</parentCollectionIdentifier><collectionIdentifier></collectionIdentifier><collectionName>UCSB - University of California Santa Barbara Herbarium</collectionName><resourceLogoUrl>https://cch2.org/portal/content/collicon/ucsb.jpg</resourceLogoUrl><onlineUrl>https://ccber.ucsb.edu</onlineUrl><intellectualRights>http://creativecommons.org/publicdomain/zero/1.0/</intellectualRights><associatedParty><individualName><surName>Greg Wahlert</surName><givenName></givenName></individualName><electronicMailAddress>wahlert@ccber.ucsb.edu</electronicMailAddress></associatedParty><abstract><para>The University of California, Santa Barbara (UCSB) Herbarium has approximately 120,000 herbarium specimens of vascular plants, lichens, bryophytes, and marine macroalgae. The herbarium is housed at the Cheadle Center for Biodiversity and Ecological Restoration on the campus of UCSB. The vascular plant collection consist mainly of specimens from Santa Barbara County, including the northern Channel Islands, with additional collections from San Luis Obispo, Kern, and Ventura Counties, the southern Sierra Nevada region, southern California, and northern Mexico. Special collections include the J. R. Haller pine collection (5,000 specimens), with emphasis on population-level sampling of many western North American pine species, and the Cornelius H. Muller oak collection, with ca. 7,000 specimens from the USA and Mexico. Also conserved in the herbarium are ca. 69,000 slide preparations and spirit collections of Vernon I. Cheadle and Katherine Esau. There are 43 type specimens of plants and marine macroalgae. Incorporated collections include the Santa Rosa Island Reserve (SCIR) herbarium (1,500) and the marine macroalgae of the Santa Barbara Museum of Natural History (1,035), which contains some of the earliest collections of California seaweeds. Greg Wahlert is the current collections manager. Taxonomy and nomenclature follow the second edition of the Jepson Manual (Baldwin et al., 2012). Financial assistance with digitization efforts is provided in part by the UCSB Coastal Fund.</para></abstract></collection><collection identifier="8126927b-7459-411e-acc7-7aa06631920b" id="38"><alternateIdentifier>https://www.cch2.org/portal/collections/misc/collprofiles.php?collid=38</alternateIdentifier><parentCollectionIdentifier>FSC</parentCollectionIdentifier><collectionIdentifier></collectionIdentifier><collectionName>FSC - Fresno State Herbarium</collectionName><resourceLogoUrl>https://cch2.org/portal/content/collicon/fsc.png</resourceLogoUrl><onlineUrl>https://waselkovlab.com/herbarium/</onlineUrl><intellectualRights>http://creativecommons.org/licenses/by-nc/4.0/</intellectualRights><associatedParty><individualName><surName>Dr. Katherine Waselkov</surName><givenName></givenName></individualName><electronicMailAddress>kwaselkov@csufresno.edu</electronicMailAddress></associatedParty><abstract><para>The geographical specialty of the FSC is Fresno County and parts of surrounding Inyo, Kern, Madera, Mono, and Tulare Counties: including the Sierra Nevada mountains, the San Joaquin Valley, and the Mojave Desert. About nine-tenths of the accessioned collection, or 31,500 specimens, is from California, with the remaining tenth from other states and countries. We estimate that half of the California collections are from high Sierra Nevada ecosystems (above 7000 feet), as this was Quibell’s focal collecting area. The other half of the collection represents the San Joaquin Valley itself, including riverine ecosystems, vernal pools, and agricultural ecosystems; the western Diablo Range region between Panoche and Coalinga; and the eastern slope of the Sierra Nevada, including the northern extent of the Mojave Desert. There is no particular taxonomic speciality among vascular plants, and only about ~100 of the specimens are federally or state listed as rare, threatened, or endangered (representing 29 taxa). Collectors who frequently contributed to the FSC collection: Charles H. Quibell (founder of the herbarium in 1925 and Fresno State biology professor); John "Jack" Springer, a USFS employee whose private herbarium of 1930s California grass collections was donated to FSC; Rimo C. Bacigalupi, first curator of the Jepson Herbarium, with collections from the 1950s and 1960s; Philip A. Munz from Rancho Santa Ana Botanic Garden and Pomona College, who collected in the 1920s-1950s and provided many of the FSC specimen determinations for specimens collected by Charles H. Quibell; James R. Shevock, associated with California Academy of Sciences and RSA, who worked on the floristics of the Sierra Nevada mountains; John “Jack” Rockwell, who collected in the Fresno area in the mid-20th century and whose specimens are almost entirely confined to FSC; and John H. Weiler, FSC Herbarium curator and Scrophulariaceae specialist.</para></abstract></collection><collection identifier="cc54a5fd-2e20-4ea6-8871-b2af436d9de3" id="39"><alternateIdentifier>https://www.cch2.org/portal/collections/misc/collprofiles.php?collid=39</alternateIdentifier><parentCollectionIdentifier>DAV</parentCollectionIdentifier><collectionIdentifier></collectionIdentifier><collectionName>DAV - UC Davis Herbarium</collectionName><resourceLogoUrl>https://cch2.org/portal/content/collicon/dav.png</resourceLogoUrl><onlineUrl>http://herbarium.ucdavis.edu</onlineUrl><intellectualRights>http://creativecommons.org/licenses/by-nc/4.0/</intellectualRights><associatedParty><individualName><surName>Teri Barry</surName><givenName></givenName></individualName><electronicMailAddress>tcbarry@ucdavis.edu</electronicMailAddress></associatedParty><abstract><para>University of California, Davis herbarium collections are worldwide, with emphasis on California, North America, and neotropics (especially Ecuador and Baja California); Quercus, Fagaceae, and Arctostaphylos, Ericaceae of New World; Euphorbiaceae; Poaceae; Clarkia (Onagraceae); Lycianthes and Lycopersicon (Solanaceae); Stephanomeria and tarweed genera (Asteraceae); Navarretia (Polemoniaceae); Allium (Alliaceae); Trifolium (Fabaceae);Prunus (Rosaceae); Central Valley of California vernal pool species; weedy and poisonous species of California and Mediterranean-climate regions; range plants of California; alpine flora of western North America. Size of collection: 320,000 specimens, 50% from California.</para></abstract></collection><collection identifier="f62b4819-3195-4053-a2dc-07431438f3e6" id="41"><alternateIdentifier>https://www.cch2.org/portal/collections/misc/collprofiles.php?collid=41</alternateIdentifier><parentCollectionIdentifier>SFV</parentCollectionIdentifier><collectionIdentifier></collectionIdentifier><collectionName>SFV - California State University, Northridge</collectionName><resourceLogoUrl>https://cch2.org/portal/content/collicon/sfv.jpg</resourceLogoUrl><onlineUrl></onlineUrl><intellectualRights>http://creativecommons.org/licenses/by-nc/4.0/</intellectualRights><associatedParty><individualName><surName>Hogue</surName><givenName>James N.</givenName></individualName><electronicMailAddress>james.n.hogue@csun.edu</electronicMailAddress><positionName>Collections Manager</positionName></associatedParty><abstract><para>Primarily vascular plants of California but with holdings in other parts of North America and some other places worldwide. Vascular plant specimens are on herbarium sheets, bryophytes and lichens are in paper packets. We have nearly 25,000 specimens.</para></abstract></collection><collection identifier="6a942843-3cb1-4643-a475-24df2d2ba49f" id="44"><alternateIdentifier>https://www.cch2.org/portal/collections/misc/collprofiles.php?collid=44</alternateIdentifier><parentCollectionIdentifier>CHSC</parentCollectionIdentifier><collectionIdentifier>VascularPlants</collectionIdentifier><collectionName>CHSC - CSU Chico, Chico State Herbarium - Vascular Plants</collectionName><resourceLogoUrl>https://cch2.org/portal/content/collicon/chsc.gif</resourceLogoUrl><onlineUrl>https://www.csuchico.edu/herbarium/</onlineUrl><intellectualRights>http://creativecommons.org/licenses/by-nc/4.0/</intellectualRights><associatedParty><individualName><surName>Colleen Hatfield</surName><givenName></givenName></individualName><electronicMailAddress>chatfield@csuchico.edu</electronicMailAddress></associatedParty><abstract><para>The Chico State Herbarium is the most complete repository of plant specimens from northeastern California. The emphasis is on the northern California flora, and includes a great number of rare, threatened, and endangered plant species. Established with specimens donated by the late Professor Vesta Holt in the 1950's, the Herbarium now contains more than 125,000 dried and mounted specimens. The majority of samples are flowering plants, conifers, and ferns, but bryophytes, lichens, and especially slime molds, are also well represented. The Herbarium is used extensively for identification of sensitive and other plant species by various agencies and individuals. Loans of herbarium specimens are made to any higher academic institutions who request them.</para></abstract></collection><collection identifier="216e027d-46e2-494d-99e9-02a7aedc13c1" id="81"><alternateIdentifier>https://www.cch2.org/portal/collections/misc/collprofiles.php?collid=81</alternateIdentifier><parentCollectionIdentifier>OSC</parentCollectionIdentifier><collectionIdentifier></collectionIdentifier><collectionName>OSC - Oregon State University Vascular Plant Collection</collectionName><onlineUrl>https://bpp.oregonstate.edu/herbarium</onlineUrl><intellectualRights>http://creativecommons.org/licenses/by-nc/4.0/</intellectualRights><additionalInfo>Oregon State University</additionalInfo><associatedParty><individualName><surName>James Mickley</surName><givenName></givenName></individualName><electronicMailAddress>james.mickley@oregonstate.edu</electronicMailAddress></associatedParty><abstract><para>Includes OSC, ORE and WILLU</para></abstract></collection></symbiota></metadata></additionalMetadata></eml:eml>
