id,institutionCode,collectionCode,ownerInstitutionCode,basisOfRecord,occurrenceID,catalogNumber,otherCatalogNumbers,higherClassification,kingdom,phylum,class,order,family,scientificName,taxonID,scientificNameAuthorship,genus,subgenus,specificEpithet,verbatimTaxonRank,infraspecificEpithet,taxonRank,identifiedBy,dateIdentified,identificationReferences,identificationRemarks,taxonRemarks,identificationQualifier,typeStatus,recordedBy,associatedCollectors,recordNumber,eventDate,year,month,day,startDayOfYear,endDayOfYear,verbatimEventDate,occurrenceRemarks,habitat,substrate,verbatimAttributes,fieldNumber,eventID,informationWithheld,dataGeneralizations,dynamicProperties,associatedOccurrences,associatedSequences,associatedTaxa,reproductiveCondition,establishmentMeans,cultivationStatus,lifeStage,sex,individualCount,preparations,country,stateProvince,county,municipality,locality,locationRemarks,localitySecurity,localitySecurityReason,decimalLatitude,decimalLongitude,geodeticDatum,coordinateUncertaintyInMeters,verbatimCoordinates,georeferencedBy,georeferenceProtocol,georeferenceSources,georeferenceVerificationStatus,georeferenceRemarks,minimumElevationInMeters,maximumElevationInMeters,minimumDepthInMeters,maximumDepthInMeters,verbatimDepth,verbatimElevation,disposition,language,recordEnteredBy,modified,sourcePrimaryKey-dbpk,collId,recordId,references
195682,OBI,,,PreservedSpecimen,e7e4e638-2f22-48b4-9a96-290bccd46b5d,OBI123644,79084,Organism|Plantae|Viridiplantae|Streptophyta|Embryophyta|Tracheophyta|Spermatophytina|Magnoliopsida|Rosanae|Fagales|Myricaceae|Morella,Plantae,Tracheophyta,Magnoliopsida,Fagales,Myricaceae,"Morella californica",26254,"(Cham.) Wilbur",Morella,,californica,,,Species,,,,,,,,"David J. Keil",,31895,2013-08-19,2013,8,19,231,,19-Aug-13,"In vicinity of coordinates","Area of ancient stabilized dunes vegetated by coastal dune scrub/chaparral and coastal live oak woodland, bordered to north by fringe of riparian woodland and freshwater marsh grading into coastal salt marsh of Los Osos Creek estuary; Common with Salix lasiolepis in riparian areas",,"Large shrub to small tree",,,,,,,,,,,,,,,,"United States",California,"San Luis Obispo",,"Morro Bay State Park portion of El Morro Elfin Forest, Los Osos",,0,,35.336226,-120.826805,,,,,,,,,5,,,,,,,,"Kate Vanderslice","2014-10-03 00:00:00",,12,urn:uuid:0d8fb0fe-8d0e-4af9-b26a-86c669d48200,https://www.cch2.org/portal/collections/individual/index.php?occid=195682
195871,OBI,,,PreservedSpecimen,d14b6602-d4c4-44ee-ba4d-46c50a48a378,OBI123655,53538,Organism|Plantae|Viridiplantae|Streptophyta|Embryophyta|Tracheophyta|Spermatophytina|Magnoliopsida|Rosanae|Fagales|Myricaceae|Morella,Plantae,Tracheophyta,Magnoliopsida,Fagales,Myricaceae,"Morella californica",26254,"(Cham.) Wilbur",Morella,,californica,,,Species,"David J. Keil",2011,,,,,,"Arthur W. Hazebrook",,117,1992-07-07,1992,7,7,189,,7-Jul-92,,"Found along E edge of Little Oso Flaco Lake area and NE base of the HIll. Shrubs partially buried and range from 1-1.5 m in height",,,,,,,,,,,,,,,,,,"United States",California,"San Luis Obispo",,"Nipomo Dunes Complex, Big Coreopsis HIll, Little Oso Flaco Lake and surrounding dunes",,0,,35.03,-120.6175,NAD83,2000,,"CalPoly D",,"Terrain Nav. v. 8.7 (copied from SBBG25525)",,"georef from old CCH cumulative file",,,,,,,,,preprocessed,"2011-12-09 00:00:00",,12,urn:uuid:4188f9cd-da71-4a8c-a293-1895e2e355bc,https://www.cch2.org/portal/collections/individual/index.php?occid=195871
195872,OBI,,,PreservedSpecimen,294e989f-eeb3-4980-8a12-e43234129350,OBI123654,37713,Organism|Plantae|Viridiplantae|Streptophyta|Embryophyta|Tracheophyta|Spermatophytina|Magnoliopsida|Rosanae|Fagales|Myricaceae|Morella,Plantae,Tracheophyta,Magnoliopsida,Fagales,Myricaceae,"Morella californica",26254,"(Cham.) Wilbur",Morella,,californica,,,Species,"David J. Keil",2011,,,,,,"David J. Keil",,13699,1980-03-01,1980,3,1,61,,1-Mar-80,,"Coastal dune field heavily disturbed by off-road vehicular traffic. Lake bordered by ring of Salix and inner ring of Scirpus californicus; Locally common at some dune slack sites. At Maidenform Flat forming a pygmy forest with litter-covered soil but no understory",,,,,,,,,,,,,,,,,,"United States",California,"San Luis Obispo",,"Nipomo Dunes in vicinity of Oso Flaco Lake",,0,,35.03,-120.6175,NAD83,2000,,"CalPoly D",,"Terrain Nav. v. 8.7 (copied from SBBG25525)",,"georef from old CCH cumulative file",,,,,,,,,preprocessed,"2011-12-09 00:00:00",,12,urn:uuid:22d1fd48-ac80-4c0f-9896-f5293adb72d6,https://www.cch2.org/portal/collections/individual/index.php?occid=195872
195873,OBI,,,PreservedSpecimen,2ee64c3b-cc42-4c85-ac93-e18a7011b8d4,OBI123649,33433,Organism|Plantae|Viridiplantae|Streptophyta|Embryophyta|Tracheophyta|Spermatophytina|Magnoliopsida|Rosanae|Fagales|Myricaceae|Morella,Plantae,Tracheophyta,Magnoliopsida,Fagales,Myricaceae,"Morella californica",26254,"(Cham.) Wilbur",Morella,,californica,,,Species,"Morella californica, David J. Keil, 2011",,,,,,,"David J. Keil",,13952,1980-05-03,1980,5,3,124,,3-May-80,,"Large freshwater marsh bordered by coastal scrub and riparian woodland; Common shrub in riparian zone",,,,,,,,,,,,,,,,,,"United States",California,"Santa Barbara",,"Ca. 2 mi N of Vandenberg AFB main base area along Casmalia rd",,0,,34.78,-120.551,NAD83,400,,"Santa Barbara Botanic Garden A",,"Terrain Nav. v. 8.7 (copied from OBI33435)",,"georef from 2006-2015 archive backup file; Date Georeferenced: Mon Mar 3 16:00:25 2014",,,,,,,,,preprocessed,"2011-12-09 00:00:00",,12,urn:uuid:ad6c75d2-e3fe-449e-8d42-9c6489891b66,https://www.cch2.org/portal/collections/individual/index.php?occid=195873
195874,OBI,,,PreservedSpecimen,949180b8-77da-4352-9d42-fb7f7d76dba3,OBI123657,26004,Organism|Plantae|Viridiplantae|Streptophyta|Embryophyta|Tracheophyta|Spermatophytina|Magnoliopsida|Rosanae|Fagales|Myricaceae|Morella,Plantae,Tracheophyta,Magnoliopsida,Fagales,Myricaceae,"Morella californica",26254,"(Cham.) Wilbur",Morella,,californica,,,Species,"Morella californica, David J. Keil, 2011",,,,,,,"David J. Keil",,14612,1981-05-16,1981,5,16,136,,16-May-81,,"Coastal hills and valleys. N facing and W facing slopes swept by strong coastal winds. Some E facing slopes and ravines shelteredfrom wind. woody vegetation on windward slopes severely wind-pruned. Growing on face of seep on roadcut above hwy",,,,,,,,,,,,,,,,,,"United States",California,"San Luis Obispo",,"Area around Arroyo de la Cruz near its crossing of Calif hwy 1",,0,,35.708335,-121.304,WGS84,200,,"CalPoly A",,GEOLocate,,"georef from 2006-2015 archive backup file; Date Georeferenced: Tue Jun 30 17:33:26 2015",,,,,,,,,preprocessed,"2011-12-09 00:00:00",,12,urn:uuid:c8289cad-25c0-4ac9-8726-1f7fd3d9cc7f,https://www.cch2.org/portal/collections/individual/index.php?occid=195874
195875,OBI,,,PreservedSpecimen,4dc33829-f369-4e48-ae91-918ced353c00,OBI123662,37810,Organism|Plantae|Viridiplantae|Streptophyta|Embryophyta|Tracheophyta|Spermatophytina|Magnoliopsida|Rosanae|Fagales|Myricaceae|Morella,Plantae,Tracheophyta,Magnoliopsida,Fagales,Myricaceae,"Morella californica",26254,"(Cham.) Wilbur",Morella,,californica,,,Species,"Morella californica, David J. Keil, 2011",,,,,,,"David J. Keil",,17238,1983-06-30,1983,6,30,181,,30-Jun-83,,"Pygmy forest dominated by Pinus contorta var. contorta, and Cupressus pygmaea with undersotry of Myrica californica and various heaths; Abundant",,"To 3 m tall",,,,,,,,,,,,,,,,"United States",California,Mendocino,,"Ca. 0.3 mi E of hwy 1 along Fern Crk rd just S of Fort Bragg",,0,,39.36496,-123.80302,WGS84,200,,"Humboldt S.U. D",,"GoogleMaps via BerkeleyMapper (copied from OBI35887)",,"georef from 2006-2015 archive backup file; Date Georeferenced: Mon May 27 16:28:16 2013",,,,,,,,,preprocessed,"2011-12-09 00:00:00",,12,urn:uuid:7a945551-74ea-4d10-9b71-32d1deed600c,https://www.cch2.org/portal/collections/individual/index.php?occid=195875
195876,OBI,,,PreservedSpecimen,944d1213-7d6f-446a-a59f-4943a3a3d583,OBI123645,65491,Organism|Plantae|Viridiplantae|Streptophyta|Embryophyta|Tracheophyta|Spermatophytina|Magnoliopsida|Rosanae|Fagales|Myricaceae|Morella,Plantae,Tracheophyta,Magnoliopsida,Fagales,Myricaceae,"Morella californica",26254,"(Cham.) Wilbur",Morella,,californica,,,Species,"Morella californica, David J. Keil, 2011",,,,,,,"David J. Keil",,22638,1991-10-26,1991,10,26,299,,26-Oct-91,,,,"Occasional shrub in riparian woodland.",,,,,,,,,,,,,,,,"United States",California,"Santa Barbara",,"Vandenberg Air Force base, North base. Barka Slough, near eastern boundary of base along San Antonio Creek. Areas of freshwater marsh, riparian woodland, and salt-marsh meadow.; 34.771 -120.4674",,0,,34.771,-120.4674,NAD83,3500,,"Santa Barbara Botanic Garden A",,"Terrain Nav. v. 8.7 (copied from OBI67441)",,"georef from 2006-2015 archive backup file; Date Georeferenced: Thu Feb 20 16:54:23 2014",,,,,,,,,preprocessed,"2011-12-09 00:00:00",,12,urn:uuid:c03de4b8-ee8c-4ef8-9c4a-e881d3401e72,https://www.cch2.org/portal/collections/individual/index.php?occid=195876
195877,OBI,,,PreservedSpecimen,34bef0d6-ab87-4a7c-93f4-22e0967befb2,OBI123663,36941,Organism|Plantae|Viridiplantae|Streptophyta|Embryophyta|Tracheophyta|Spermatophytina|Magnoliopsida|Rosanae|Fagales|Myricaceae|Morella,Plantae,Tracheophyta,Magnoliopsida,Fagales,Myricaceae,"Morella californica",26254,"(Cham.) Wilbur",Morella,,californica,,,Species,"David J. Keil",2011,,,,,,"Eric Wise",,1613,1982-07-02,1982,7,2,183,,2-Jul-82,,"Shore of destabilized sand",,,,,,,,,,,,,,,,,,"United States",California,"San Luis Obispo",,"Oso Flaco Lake",,0,,35.03,-120.6175,NAD83,2000,,"CalPoly D",,"Terrain Nav. v. 8.7 (copied from SBBG25525)",,"georef from old CCH cumulative file",,,,,,,,,preprocessed,"2011-12-09 00:00:00",,12,urn:uuid:5c90ee49-4dd7-4938-8ae3-8202afd93f0a,https://www.cch2.org/portal/collections/individual/index.php?occid=195877
195878,OBI,,,PreservedSpecimen,d2a89e4e-712b-4384-b165-b0639c18c4d4,OBI123648,52374,Organism|Plantae|Viridiplantae|Streptophyta|Embryophyta|Tracheophyta|Spermatophytina|Magnoliopsida|Rosanae|Fagales|Myricaceae|Morella,Plantae,Tracheophyta,Magnoliopsida,Fagales,Myricaceae,"Morella californica",26254,"(Cham.) Wilbur",Morella,,californica,,,Species,"Morella californica, David J. Keil, 2011",,,,,,,"Julie Oxford","David J. Keil",208,1981-05-17,1981,5,17,137,,17-May-81,,"Freshwater marsh on W side of hwy. Coastal scrub on hillside on E side of road",,,,,,,,,,,,,,,,,,"United States",California,"Santa Barbara",,"Vandenberg AFB. Along Lompoc-Casmalia rd N of San Antonio rd",,0,,34.7993,-120.5312,NAD83,1500,,"Santa Barbara Botanic Garden A",,"Terrain Nav. v. 8.7 USGS 1:24000 (copied from OBI52373)",,"georef from old CCH cumulative file",91,,,,,300ft.,,,preprocessed,"2011-12-09 00:00:00",,12,urn:uuid:24018ec3-3c39-4fea-b712-5926367683f1,https://www.cch2.org/portal/collections/individual/index.php?occid=195878
195879,OBI,,,PreservedSpecimen,d545af4b-e086-4dcb-bb3a-37c989192440,OBI123650,29119,Organism|Plantae|Viridiplantae|Streptophyta|Embryophyta|Tracheophyta|Spermatophytina|Magnoliopsida|Rosanae|Fagales|Myricaceae|Morella,Plantae,Tracheophyta,Magnoliopsida,Fagales,Myricaceae,"Morella californica",26254,"(Cham.) Wilbur",Morella,,californica,,,Species,"Morella californica, David J. Keil, 2011",,,,,,,"Karen Symonds",,23,1982-07-17,1982,7,17,198,,17-Jul-82,,"Willow dominated riparian area; Wax-myrtle not common along the trail",,"Tree 4-10 m high",,,,,,,,,,,,,,,,"United States",California,"San Luis Obispo",,"Montana de Oro State Park, along coon Creek trail",,0,,35.25158,-120.87171,WGS84,1526,,"CalPoly B",,"GoogleMaps via BerkeleyMapper (copied from OBI29104)",,"georef from old CCH cumulative file",,,,,,,,,preprocessed,"2011-12-09 00:00:00",,12,urn:uuid:e67c379f-ffed-4122-b453-e84885d138f1,https://www.cch2.org/portal/collections/individual/index.php?occid=195879
195881,OBI,,,PreservedSpecimen,4528d6bc-d387-4394-983a-d67e95112804,OBI123660,12291,Organism|Plantae|Viridiplantae|Streptophyta|Embryophyta|Tracheophyta|Spermatophytina|Magnoliopsida|Rosanae|Fagales|Myricaceae|Morella,Plantae,Tracheophyta,Magnoliopsida,Fagales,Myricaceae,"Morella californica",26254,"(Cham.) Wilbur",Morella,,californica,,,Species,"Morella californica, David J. Keil, 2011",,,,,,,"Lewis S. Rose",,65091,1965-08-25,1965,8,25,237,,25-Aug-65,,"Wet sandy gully",,,,,,,,,,,,,,,,,,"United States",California,"San Francisco",,"Lake Merced, above Brotherhood Way",,0,,37.714,-122.4745,WGS84,1000,,"San Jose S.U. A",,"GoogleMaps via BerkeleyMapper (copied from HSC7765)",,"georef from 2006-2015 archive backup file; Date Georeferenced: Thu Aug 22 13:27:11 2013",15,,,,,50ft.,,,preprocessed,"2011-12-09 00:00:00",,12,urn:uuid:afbd63c0-86a2-41c4-beba-aa17f68ec9fd,https://www.cch2.org/portal/collections/individual/index.php?occid=195881
195883,OBI,,,PreservedSpecimen,3bdf7f4b-bd22-448e-89f9-128c0469ca0e,OBI123653,3303,Organism|Plantae|Viridiplantae|Streptophyta|Embryophyta|Tracheophyta|Spermatophytina|Magnoliopsida|Rosanae|Fagales|Myricaceae|Morella,Plantae,Tracheophyta,Magnoliopsida,Fagales,Myricaceae,"Morella californica",26254,"(Cham.) Wilbur",Morella,,californica,,,Species,"Morella californica, David J. Keil, 2011",,,,,,,"Neil Havlik",,464,1969-05-30,1969,5,30,150,,30-May-69,,"Growing with Lithocarpus and Pinus muricata, on a N facing slope in clay loam soil; Common",,"Some plants tree size, shrub, 8 ft tall",,,,,,,,,,,,,,,,"United States",California,"Santa Barbara",,"At Jualachichi Summit, 5 mi S of Hwy 1 on Jalama rd",,0,,34.528,-120.394,NAD27,1000,,"Santa Barbara Botanic Garden A",,"Terrain Nav. v. 8.7 (copied from SBBG87161)",,"georef from 2006-2015 archive backup file; Date Georeferenced: Mon Feb 17 15:13:31 2014",427,,,,,1400ft.,,,preprocessed,"2011-12-09 00:00:00",,12,urn:uuid:28f224d9-f1f7-4724-98b0-61a829e9b747,https://www.cch2.org/portal/collections/individual/index.php?occid=195883
195885,OBI,,,PreservedSpecimen,564c6cc1-2ba8-4378-aeb8-3b4d52a30741,OBI123659,4034,Organism|Plantae|Viridiplantae|Streptophyta|Embryophyta|Tracheophyta|Spermatophytina|Magnoliopsida|Rosanae|Fagales|Myricaceae|Morella,Plantae,Tracheophyta,Magnoliopsida,Fagales,Myricaceae,"Morella californica",26254,"(Cham.) Wilbur",Morella,,californica,,,Species,"Morella californica, David J. Keil, 2011",,,,,,,"Ralph N. Philbrick",,s.n.,1964-06-04,1964,6,4,156,,4-Jun-64,,,,,,,,,,,,,,,,,,,,"United States",California,"Santa Barbara",,"Edge of water, Oso Flaco Lake",,0,,35.03,-120.6175,NAD83,2000,,"Santa Barbara Botanic Garden A",,"Terrain Nav. v. 8.7 (copied from SBBG35759)",,"georef from old CCH cumulative file",,,,,,,,,preprocessed,"2011-12-09 00:00:00",,12,urn:uuid:24065adc-aa61-4094-ad79-03eadd9d904b,https://www.cch2.org/portal/collections/individual/index.php?occid=195885
195886,OBI,,,PreservedSpecimen,10bc135a-8bf9-42a5-8699-5588c7f01899,OBI123651,12289,Organism|Plantae|Viridiplantae|Streptophyta|Embryophyta|Tracheophyta|Spermatophytina|Magnoliopsida|Rosanae|Fagales|Myricaceae|Morella,Plantae,Tracheophyta,Magnoliopsida,Fagales,Myricaceae,"Morella californica",26254,"(Cham.) Wilbur",Morella,,californica,,,Species,"Morella californica, David J. Keil, 2011",,,,,,,"Robert F. Hoover",,6347,1946-08-26,1946,8,26,238,,26-Aug-46,,"Bordering moist stream-bed in sandy rolling country",,,,,,,,,,,,,,,,,,"United States",California,"San Luis Obispo",,"Los Osos Valley",,0,,35.297793,-120.77324,WGS84,6000,,"CalPoly A",,GEOLocate,,"georef from 2006-2015 archive backup file; Date Georeferenced: Tue Jun 30 17:33:26 2015",,,,,,,,,preprocessed,"2011-12-09 00:00:00",,12,urn:uuid:d4608d56-bb66-4db6-a11e-7962f3a97397,https://www.cch2.org/portal/collections/individual/index.php?occid=195886
195887,OBI,,,PreservedSpecimen,2cf2fe7b-3749-4274-aabd-46ee5967e812,OBI123661,4411,Organism|Plantae|Viridiplantae|Streptophyta|Embryophyta|Tracheophyta|Spermatophytina|Magnoliopsida|Rosanae|Fagales|Myricaceae|Morella,Plantae,Tracheophyta,Magnoliopsida,Fagales,Myricaceae,"Morella californica",26254,"(Cham.) Wilbur",Morella,,californica,,,Species,"Morella californica, David J. Keil, 2011",,,,,,,"Robert J. Rodin",,8424,1970-09-10,1970,9,10,253,,10-Sep-70,,"Hollow in sand dunes",,"Small tree 15 ft high in low spot, berries rough textured, purple-black",,,,,,,,,,,,,,,,"United States",California,"San Luis Obispo",,"300 yds from the Pacific Ocean near a shell mound in Pismo Beach State park",,0,,35.08722,-120.62667,,,,,,TopoZoneACS,,"copied from duplicate",,,,,,,,,preprocessed,"2011-12-09 00:00:00",,12,urn:uuid:fc1e95b9-4879-4b4f-8292-8168a282e521,https://www.cch2.org/portal/collections/individual/index.php?occid=195887
195888,OBI,,,PreservedSpecimen,624191ec-1d53-41aa-9dd3-aec20779177f,OBI123656,30385,Organism|Plantae|Viridiplantae|Streptophyta|Embryophyta|Tracheophyta|Spermatophytina|Magnoliopsida|Rosanae|Fagales|Myricaceae|Morella,Plantae,Tracheophyta,Magnoliopsida,Fagales,Myricaceae,"Morella californica",26254,"(Cham.) Wilbur",Morella,,californica,,,Species,"Morella californica, David J. Keil, 2011",,,,,,,"Robert J. Rodin",,8607,1972-03-29,1972,3,29,89,,29-Mar-72,,,,"Dense shrubs 10 ft high",,,,,,,,,,,,,,,,"United States",California,"San Luis Obispo",,"Near effluent of Oso Flaco in the Nipomo Dunes",,0,,35.03,-120.6175,NAD83,2000,,"CalPoly D",,"Terrain Nav. v. 8.7 (copied from SBBG25525)",,"georef from old CCH cumulative file",,,,,,,,,preprocessed,"2011-12-09 00:00:00",,12,urn:uuid:24aafb74-18a6-46df-9e2a-6243daccec32,https://www.cch2.org/portal/collections/individual/index.php?occid=195888
217263,OBI,,,PreservedSpecimen,8b65ad3c-b47c-44a2-aa32-0b3bf704694e,OBI161812,,Organism|Plantae|Viridiplantae|Streptophyta|Embryophyta|Tracheophyta|Spermatophytina|Magnoliopsida|Rosanae|Fagales|Myricaceae|Morella,Plantae,Tracheophyta,Magnoliopsida,Fagales,Myricaceae,"Morella californica",26254,"(Cham.) Wilbur",Morella,,californica,,,Species,,,,,,,,"Monika Richardson","Jim West",262,2017-08-11,2017,8,11,223,,2017-8-11,,"Perched Marsh (at edge of cliff)",Soil,"Tree (~15 ft) with grey bark and green dentate lanceolate leaves. Sweet resin/ spice odor when leaves crushed, inflorescence is dense clusters on leaf axils.",,,,,,,,"Rubus ursinus, Salix lasiolepis, Juncus hesperius",,,,,,,,"United States",California,"Santa Cruz",,"Western Terrace",,0,,37.071552,-122.254752,WGS84,,,,,,,,,,,,,,,,Monikaii,"2017-11-30 12:34:08",,12,urn:uuid:ad258c46-59fc-42ac-b4a2-2e7c1300b443,https://www.cch2.org/portal/collections/individual/index.php?occid=217263
232359,UCSC,,,PreservedSpecimen,8f9b5e50-4ada-4677-9d8a-67954a34dd40,UCSC100011582,3155,Organism|Plantae|Viridiplantae|Streptophyta|Embryophyta|Tracheophyta|Spermatophytina|Magnoliopsida|Rosanae|Fagales|Myricaceae|Myrica,Plantae,Tracheophyta,Magnoliopsida,Fagales,Myricaceae,"Myrica californica",26363,Cham.,Myrica,,californica,,,Species,,,,,,,,"Peter Kamb",,1533,1948-10-09,1948,10,9,283,,"Oct 9 1948",,,,,,,,,,,,,,,,,,,,"United States",California,Marin,,"Bootjack Trail - Mt. Tamalpais -",,0,,37.90875244,-122.6002121,NAD27,657,,,,"Terrain Navigator 5.03 USGS 1:24000",,,,,,,,,,,,"2016-05-20 19:58:37",,13,urn:uuid:78db8115-291b-4754-9614-c1d73380e285,https://www.cch2.org/portal/collections/individual/index.php?occid=232359
236149,UCSC,,,PreservedSpecimen,da9c900a-6d5e-4327-a410-bb3bd567ec53,UCSC100011581,7765,Organism|Plantae|Viridiplantae|Streptophyta|Embryophyta|Tracheophyta|Spermatophytina|Magnoliopsida|Rosanae|Fagales|Myricaceae|Morella,Plantae,Tracheophyta,Magnoliopsida,Fagales,Myricaceae,"Morella californica",26254,"(Cham.) Wilbur",Morella,,californica,,,Species,,,,,,,,"Becky Hendricks",,s.n.,2012-05-16,2012,5,16,137,,16-May-12,"Voucher specimen for Rare Advantage Project (I.M. Parker and G. Gilbert)",,,,,,,,,,,,,,,,,,,"United States",California,"San Mateo",,"Año Nuevo State Park",,0,,37.160509,-122.326776,preprocessed,,,3955,,"Chico S.U. (no. 11)",,"GeoLocate (copied from UCSC7716)",,,,,,,,,"Al Keuter","2016-05-20 19:58:37",,13,urn:uuid:89cd66ba-2ae0-40d4-8d98-aa6d593bd3aa,https://www.cch2.org/portal/collections/individual/index.php?occid=236149
252177,LOB,,,PreservedSpecimen,e21a1610-1b14-4607-8d0a-1da27ac000ee,LOB114725,5568,Organism|Plantae|Viridiplantae|Streptophyta|Embryophyta|Tracheophyta|Spermatophytina|Magnoliopsida|Rosanae|Fagales|Myricaceae|Myrica,Plantae,Tracheophyta,Magnoliopsida,Fagales,Myricacaeae,"Myrica californica",26363,Cham.,Myrica,,californica,,,Species,,,,,,,,"P.C. Baker",,5885,1968-10-19,1968,10,19,293,,19-Oct-68,,"Pygmy Forest",,,,,,,,,,,,,,,,,,"United States",California,Mendocino,,"exit of Van Damme State Park, off Calif. 1.",,0,,39.281602,-123.738066,WGS84,3983,,"Aefisher (2020-03-13 23:14:17)",,"georef batch tool 2020-03-13; GeoLocate","reviewed - high confidence",,,,,,,,,,,"2016-11-09 00:00:00",,19,urn:uuid:1c74e671-ae4c-44db-aa44-212c6cbebf66,https://www.cch2.org/portal/collections/individual/index.php?occid=252177
320983,UCSB,,,PreservedSpecimen,61dfedaf-a824-442c-ad00-c8e45a5a11db,UCSB038782,69430,Organism|Plantae|Viridiplantae|Streptophyta|Embryophyta|Tracheophyta|Spermatophytina|Magnoliopsida|Rosanae|Fagales|Myricaceae|Morella,Plantae,Tracheophyta,Magnoliopsida,Fagales,Myricaceae,"Morella californica",26254,"(Cham.) Wilbur",Morella,,californica,,,Species,,,,,,,,"Wayne R. Ferren",,UO-150,1984-09-25,1984,9,25,269,,,,,,,,,,,,,,,,,,,,,"Sheet - 1","United States",California,"Santa Barbara",,"Santa Ynez River Estuary. Growing under bridge at Floradale and Santa Ynez River.",,0,,34.672,-120.4928,NAD83,300,,"Santa Barbara Botanic Garden A",,"Terrain Nav. v. 7.8 USGS 1:24000",,,,,,,,,,,preprocessed,"2014-09-10 15:19:26",,35,urn:uuid:0e65a34c-8d87-4c1f-879e-907ce1f05459,https://www.cch2.org/portal/collections/individual/index.php?occid=320983
358465,SJSU,,,PreservedSpecimen,77e4c940-be3f-4bb0-b137-ac3dcd198648,883,,Organism|Plantae|Viridiplantae|Streptophyta|Embryophyta|Tracheophyta|Spermatophytina|Magnoliopsida|Rosanae|Fagales|Myricaceae|Morella,Plantae,Tracheophyta,Magnoliopsida,Fagales,Myricaceae,"Morella californica",26254,"(Cham.) Wilbur",Morella,,californica,,,Species,,,,,,,,"A.W. Jacobs",,,1945-06-15,1945,6,15,166,,6/15/1945,,,,,,,,,,,,,,,0,,,,,"United States",California,"Santa Cruz",,"upper rd to Big Basin, W of Saratoga Summit",,0,,37.23252,-122.14771,WGS84,3856,,"UCSanta Cruz C",,"GoogleMaps via BerkeleyMapper",,"georef from 2006-2015 archive backup file; Date Georeferenced: Sat May 18 16:50:49 2013",,,,,,,,,preprocessed,"2019-02-06 15:13:00",,18,urn:uuid:77e4c940-be3f-4bb0-b137-ac3dcd198648,https://www.cch2.org/portal/collections/individual/index.php?occid=358465
364274,SJSU,,,PreservedSpecimen,e3880c3c-dd43-41a3-b90f-bea4ce690f1c,7501,,Organism|Plantae|Viridiplantae|Streptophyta|Embryophyta|Tracheophyta|Spermatophytina|Magnoliopsida|Rosanae|Fagales|Myricaceae|Morella,Plantae,Tracheophyta,Magnoliopsida,Fagales,Myricaceae,"Morella californica",26254,"(Cham.) Wilbur",Morella,,californica,,,Species,,,,,,,,"Lewis S. Rose",,65091,1965-08-25,1965,8,25,237,,8/25/1965,,"wet sandy gully",,,,,,,,,,,,,0,,,,,"United States",California,"San Francisco",,"Lake Merced above Brotherhood Way",,0,,37.714,-122.4745,WGS84,1000,,,,"GoogleMaps via BerkeleyMapper (copied from HSC7765)",,"georef from 2006-2015 archive backup file; Date Georeferenced: Thu Dec 30 16:33:26 2010",15,,,,,,,,preprocessed,"2019-02-06 15:13:00",,18,urn:uuid:e3880c3c-dd43-41a3-b90f-bea4ce690f1c,https://www.cch2.org/portal/collections/individual/index.php?occid=364274
382617,SDSU,,,PreservedSpecimen,1f413b32-5245-4d00-b3ba-328cd34f22e1,08246,SDSU08246,Organism|Plantae|Viridiplantae|Streptophyta|Embryophyta|Tracheophyta|Spermatophytina|Magnoliopsida|Rosanae|Fagales|Myricaceae|Morella,Plantae,Tracheophyta,Magnoliopsida,Fagales,Myricaceae,"Morella californica",26254,"(Cham.) Wilbur",Morella,,californica,,,Species,"Kyle L. Gunther",2020-01-22,"Jepson eFlora","Based on synonymy only.",,,,"Howe, D. F.",,3566,1963-06-30,1963,6,30,181,,06/30/1963,,,,,,,,,,,,,,,0,,,,,"United States",California,"Santa Barbara",,"Lake Oso Flaco",,0,,35.03,-120.6175,WGS84,,,,,"Coordinates from label",,"copied from duplicate",,,,,,,,,preprocessed,"2020-11-24 16:15:29",,6,urn:uuid:1f413b32-5245-4d00-b3ba-328cd34f22e1,https://www.cch2.org/portal/collections/individual/index.php?occid=382617
382618,SDSU,,,PreservedSpecimen,8b55f0ac-213c-4154-a05e-0ba4818b7b33,08247,SDSU08247,Organism|Plantae|Viridiplantae|Streptophyta|Embryophyta|Tracheophyta|Spermatophytina|Magnoliopsida|Rosanae|Fagales|Myricaceae|Morella,Plantae,Tracheophyta,Magnoliopsida,Fagales,Myricaceae,"Morella californica",26254,"(Cham.) Wilbur",Morella,,californica,,,Species,"Kyle L. Gunther",2020-01-22,"Jepson eFlora","Based on synonymy only.",,,,"Howe, D. F.",,4269,1966-06-06,1966,6,6,157,,06/06/1966,,,,,,,,,,,,,,,0,,,,,"United States",California,Mendocino,,"1.5 miles east of Casper",,0,,39.3593,-123.7846,WGS84,1045,,"Humboldt S.U. (no. 4)",,"GoogleMaps via BerkeleyMapper",,"georef from 2006-2015 archive backup file; Date Georeferenced: Thu May 31 16:21:35 2012",,,,,,,,,preprocessed,"2020-11-24 16:15:29",,6,urn:uuid:8b55f0ac-213c-4154-a05e-0ba4818b7b33,https://www.cch2.org/portal/collections/individual/index.php?occid=382618
614527,SFV,,,PreservedSpecimen,752786b1-73b7-47d5-bb2d-22a82207b6ba,SFV108901,SFV-4411,Organism|Plantae|Viridiplantae|Streptophyta|Embryophyta|Tracheophyta|Spermatophytina|Magnoliopsida|Rosanae|Fagales|Myricaceae|Morella,Plantae,Tracheophyta,Magnoliopsida,Fagales,Myricaceae,"Morella californica",26254,"(Cham.) Wilbur",Morella,,californica,,,Species,,,,,,,,"J. Turner","C. Blake, F. M. Ball","s. n.",1963-05-05,1963,5,5,125,,"5 May 1963","DT&H# 1874 SK&F# 1304",,,"Largish shrub.",,,,,,,,,Flowering,"Wild: native/naturalized",,,,,,"United States",California,"San Luis Obispo",,"Thicket at edge of Oso Flaco Lake.",,0,,35.03,-120.62,,1000,"35° 1m 48s N; 120° 37m 12s W",,,,,,4,,,,,"13 ft.",,,JNH,"2013-08-07 00:00:00",,41,urn:uuid:752786b1-73b7-47d5-bb2d-22a82207b6ba,https://www.cch2.org/portal/collections/individual/index.php?occid=614527
1181016,RSA,POM,,PreservedSpecimen,def79623-e9ef-4a3f-91ec-e0dfb75feabc,RSA0009583,"POM accession #: 86822",Organism|Plantae|Viridiplantae|Streptophyta|Embryophyta|Tracheophyta|Spermatophytina|Magnoliopsida|Rosanae|Fagales|Myricaceae|Myrica,Plantae,Tracheophyta,Magnoliopsida,Fagales,Myricaceae,"Myrica californica",26363,Cham.,Myrica,,californica,,,Species,,,,,,,,"Marcus E. Jones",,2351,1881-07-04,1881,7,4,185,,,"Imaged for M.E. Jones Mellon Project.",,,,,,,,,,,,vegetative,Native,,,,,"herbarium sheet","United States",California,"Santa Cruz",,"Santa Cruz.",,0,,36.96402,-122.03416,WGS84,3777,"36.96402° -122.03416°","UCSanta Cruz C",,"GoogleMaps via BerkeleyMapper (copied from POM100667)",,"Fri Sep 27 21:33:03 2013; georef from 2006-2015 archive backup file",,,,,,,,,"Josh J. Paolini; cataloged date: 2013-04-16","2021-06-09 08:33:52",def79623-e9ef-4a3f-91ec-e0dfb75feabc,17,urn:uuid:eb8cd6cb-c474-4495-a65a-8284e1d26fb3,https://www.cch2.org/portal/collections/individual/index.php?occid=1181016
1308202,DAV,,,PreservedSpecimen,UCD36729,AHUC106999,"AHUC039069; UCD36729",Organism|Plantae|Viridiplantae|Streptophyta|Embryophyta|Tracheophyta|Spermatophytina|Magnoliopsida|Rosanae|Fagales|Myricaceae|Morella,Plantae,Tracheophyta,Magnoliopsida,Fagales,Myricaceae,"Morella californica",26254,"(Cham.) Wilbur",Morella,,californica,,,Species,"Acc. Jepson Manual II (online), 2011",,,,,,,"Beecher Crampton",,3035,1955-07-26,1955,7,26,207,,"26 Jul 1955",,"Growing in bog.",,"Shrub 3-4 feet.",,,,,,,,,,,,,,,,"United States",California,"Mendocino County",,"Mendocino County, 0.5 mile north of Albion, along State Highway 1.",,0,,39.231456,-123.771105,WGS84,273,,"Chico S.U. (no. 9)",,GEOLocate,,,,,,,,,,,evyun,"2021-07-20 11:45:25",UCD36729,39,urn:uuid:bfa20647-8cfb-4286-8a08-8aa7bd6ba5f8,https://www.cch2.org/portal/collections/individual/index.php?occid=1308202
1363274,DAV,,,PreservedSpecimen,UCD110273,DAV359105,"DAV6226; UCD110273",Organism|Plantae|Viridiplantae|Streptophyta|Embryophyta|Tracheophyta|Spermatophytina|Magnoliopsida|Rosanae|Fagales|Myricaceae|Morella,Plantae,Tracheophyta,Magnoliopsida,Fagales,Myricaceae,"Morella californica",26254,"(Cham.) Wilbur",Morella,,californica,,,Species,"Acc. Jepson Manual II (online), 2011",,,,,,,"Dan Axelrod",,s.n.,1932-03-27,1932,3,27,87,,"27 Mar 1932",,,,,,,,,,,,,,,,,,,,"United States",California,Alameda,,"Alameda County: Strawberry Canyon, Berkeley Hills.",,0,,37.87645,-122.23793,NAD27,1255,,"San Jose S.U. A",,"Terrain Navigator 5.03 1:24000 (copied from JEPS113080)",,"Date Georeferenced: Sun Nov 25 21:10:41 2012",,,,,,,,,evyun,"2021-07-20 11:36:34",UCD110273,39,urn:uuid:0068c97d-66a1-47a8-8211-ad715f376ffa,https://www.cch2.org/portal/collections/individual/index.php?occid=1363274
1363276,DAV,,,PreservedSpecimen,UCD110276,DAV359104,"DAV81987; UCD110276",Organism|Plantae|Viridiplantae|Streptophyta|Embryophyta|Tracheophyta|Spermatophytina|Magnoliopsida|Rosanae|Fagales|Myricaceae|Morella,Plantae,Tracheophyta,Magnoliopsida,Fagales,Myricaceae,"Morella californica",26254,"(Cham.) Wilbur",Morella,,californica,,,Species,"Acc. Jepson Manual II (online), 2011",,,,,,,"Linda M. Barker",,1542,1976-06-01,1976,6,1,153,,"1 Jun 1976",,"Coastal forest and dunes. Beach pine forest.",,,,,,,,,,"Pinus contorta, Garrya elliptica, Vaccinium ovatum, Anaphalis margaritacea, Arctostaphylos uva-ursi, Gaultheria shallon, Hierochloe occidentalis, Pteridium aquilinum, Solidago spathulata",,,,,,,,"United States",California,"Humboldt County",,"Humboldt County: Lanphere-Christensen Dunes. 3 miles west of Arcata.",,0,,40.8919,-124.1438,NAD27,1220,"T6N, R1W, Sec. 23","Humboldt S.U. (no. 5)",,"Terrain Navigator Pro (copied from HSC40342)",,"Date Georeferenced: Thu Apr 12 13:43:01 2012",,,,,,,,,evyun,"2021-07-20 11:34:54",UCD110276,39,urn:uuid:d61df14a-b0ca-47c2-a968-2b45fc48120e,https://www.cch2.org/portal/collections/individual/index.php?occid=1363276
1363280,DAV,,,PreservedSpecimen,UCD110280,DAV359103,"DAV105988; UCD110280",Organism|Plantae|Viridiplantae|Streptophyta|Embryophyta|Tracheophyta|Spermatophytina|Magnoliopsida|Rosanae|Fagales|Myricaceae|Morella,Plantae,Tracheophyta,Magnoliopsida,Fagales,Myricaceae,"Morella californica",26254,"(Cham.) Wilbur",Morella,,californica,,,Species,"Acc. Jepson Manual II (online), 2011",,,,,,,"Frederica Bowcutt",,660,1986-04-11,1986,4,11,101,,"11 Apr 1986",,"Coastal bluff. Nearly vertical cliffs of marine terraces.",,,,,,,,,,"Lupinus, Calamagrostis, Petasites palmatus, Grindelia, Achillea, Plantago",,,,,,,,"United States",California,"Mendocino County",,"Mendocino County: Sinkyone Wilderness State Park. Needle Rock. Between Whale Gulch and Bear Harbor. About 20 miles W of Garberville .",,0,,39.9184,-123.9424,WGS84,98,,"Humboldt S.U. (no. 15)",,"GoogleMaps via BerkeleyMapper",,,30,,,,,"0 - 100ft",,,evyun,"2021-07-20 11:30:13",UCD110280,39,urn:uuid:78640222-e1ee-4ca3-8827-a9d717f04e47,https://www.cch2.org/portal/collections/individual/index.php?occid=1363280
1363285,DAV,,,PreservedSpecimen,UCD110286,AHUC107000,"AHUC21831; UCD110286",Organism|Plantae|Viridiplantae|Streptophyta|Embryophyta|Tracheophyta|Spermatophytina|Magnoliopsida|Rosanae|Fagales|Myricaceae|Morella,Plantae,Tracheophyta,Magnoliopsida,Fagales,Myricaceae,"Morella californica",26254,"(Cham.) Wilbur",Morella,,californica,,,Species,"Acc. Jepson Manual II (online), 2011",,,,,,,"B. Crampton",,3051,1955-07-26,1955,7,26,207,,"26 Jul 1955",,"sandy sphagnum bog forested by pine and cypress with understory of ericaceous shrubs.",,"Shrub 3-8 ft.",,,,,,,,,,,,,,,,"United States",California,"Mendocino County",,"Mendocino County: Extension of Oak St. 2 miles east of Fort Bragg (central).",,0,,39.5480555555556,-123.7625,NAD83,402,,"Humboldt S.U. (no. 15)",,"GoogleMaps via BerkeleyMapper (copied from UCD38490)",,,,,,,,,,,evyun,"2021-07-20 11:48:17",UCD110286,39,urn:uuid:7419f4c1-f551-4b11-906d-d9097e1ef2cc,https://www.cch2.org/portal/collections/individual/index.php?occid=1363285
1363286,DAV,,,PreservedSpecimen,UCD110287,DAV359102,"DAV100895; UCD110287",Organism|Plantae|Viridiplantae|Streptophyta|Embryophyta|Tracheophyta|Spermatophytina|Magnoliopsida|Rosanae|Fagales|Myricaceae|Morella,Plantae,Tracheophyta,Magnoliopsida,Fagales,Myricaceae,"Morella californica",26254,"(Cham.) Wilbur",Morella,,californica,,,Species,"Acc. Jepson Manual II (online), 2011",,,,,,,"Roman Gankin","W. R. Hildreth, Ken Milam",508,1965-04-15,1965,4,15,105,,"15 Apr 1965","Shrub ca. 6 feet high. (U.C. Davis Arboretum Accession No. A65.264).",,,,,,,,,,,,,,,,,,,"United States",California,"Mendocino County",,"Mendocino County: Haven's Neck, north of Anchor Bay.",,0,,38.8093,-123.5979,WGS84,213,,"Humboldt S.U. (no. 5)",,"GoogleMaps via BerkeleyMapper (copied from RSA407009)",,"Date Georeferenced: Thu May 31 09:31:39 2012",,,,,,,,,evyun,"2021-07-20 11:26:54",UCD110287,39,urn:uuid:b4b360b5-966a-461f-9bfa-95f1deab0940,https://www.cch2.org/portal/collections/individual/index.php?occid=1363286
1363288,DAV,,,PreservedSpecimen,UCD110289,DAV359101,"DAV6228; UCD110289",Organism|Plantae|Viridiplantae|Streptophyta|Embryophyta|Tracheophyta|Spermatophytina|Magnoliopsida|Rosanae|Fagales|Myricaceae|Morella,Plantae,Tracheophyta,Magnoliopsida,Fagales,Myricaceae,"Morella californica",26254,"(Cham.) Wilbur",Morella,,californica,,,Species,"Acc. Jepson Manual II (online), 2011",,,,,,,"Morris Halperin",,s.n.,1931-09-25,1931,9,25,268,,"25 Sep 1931","Restricted colony.",,,,,,,,,,,,,,,,,,,"United States",California,Alameda,,"Alameda County: South bank of creek, near fort bridge. Strawberry Canon, Berkeley.",,0,,37.872965,-122.241165,WGS84,1450,,"Chico S.U. (no. 9)",,"Geolocate (copied from UCD113856)",,,,,,,,,,,evyun,"2021-07-20 11:25:05",UCD110289,39,urn:uuid:e26c8301-8eef-4996-b54a-200330e9ec4c,https://www.cch2.org/portal/collections/individual/index.php?occid=1363288
1363292,DAV,,,PreservedSpecimen,UCD110293,DAV359100,"DAV92061; UCD110293",Organism|Plantae|Viridiplantae|Streptophyta|Embryophyta|Tracheophyta|Spermatophytina|Magnoliopsida|Rosanae|Fagales|Myricaceae|Morella,Plantae,Tracheophyta,Magnoliopsida,Fagales,Myricaceae,"Morella californica",26254,"(Cham.) Wilbur",Morella,,californica,,,Species,"Acc. Jepson Manual II (online), 2011",,,,,,,"Mary M. Hektner","Sue Dakuzaku, Cathy Hendel",091,1974-06-29,1974,6,29,180,,"29 Jun 1974",,"coastal prairie.",,"Shrub, 11 feet tall;",,,,,,,,,,,,,,,,"United States",California,"Sonoma County",,"Sonoma County: Unit 24 Owners' Map, Sea Ranch, near State Highway 1.",,0,,38.728673,-123.475388,WGS84,655,,"UCBerkeley B",,"Geolocate (copied from HSC83425)",,"Date Georeferenced: Thu Sep 13 13:43:29 2012",,,,,,,,,evyun,"2021-07-20 11:22:46",UCD110293,39,urn:uuid:c6b9913f-f94c-4fbf-8f8f-a9f7b9d1423a,https://www.cch2.org/portal/collections/individual/index.php?occid=1363292
1363295,DAV,,,PreservedSpecimen,UCD110296,DAV359099,"DAV32324; UCD110296",Organism|Plantae|Viridiplantae|Streptophyta|Embryophyta|Tracheophyta|Spermatophytina|Magnoliopsida|Rosanae|Fagales|Myricaceae|Morella,Plantae,Tracheophyta,Magnoliopsida,Fagales,Myricaceae,"Morella californica",26254,"(Cham.) Wilbur",Morella,,californica,,,Species,"Acc. Jepson Manual II (online), 2011",,,,,,,"Miss K. D. Jones",,1444,1926-06-11,1926,6,11,162,,"11 Jun 1926",,"Grows on wet flats or on rocky hillside.",,Greenish-brown.,,,,,,,,,,,,,,,,"United States",California,"San Francisco County",,"San Francisco County: Golden Gate Park, San Francisco.",,0,,37.7692,-122.4799,WGS84,3500,,"San Jose S.U. A",,"GoogleMaps via BerkeleyMapper (copied from UCD52380)",,"Date Georeferenced: Fri Feb 10 16:39:37 2012",9,,,,,"8 - 30ft",,,evyun,"2021-07-20 11:20:37",UCD110296,39,urn:uuid:e7350a30-7301-482f-a58e-ebc7df9ed375,https://www.cch2.org/portal/collections/individual/index.php?occid=1363295
1363296,DAV,,,PreservedSpecimen,UCD110297,DAV359106,"DAV6227; UCD110297",Organism|Plantae|Viridiplantae|Streptophyta|Embryophyta|Tracheophyta|Spermatophytina|Magnoliopsida|Rosanae|Fagales|Myricaceae|Morella,Plantae,Tracheophyta,Magnoliopsida,Fagales,Myricaceae,"Morella californica",26254,"(Cham.) Wilbur",Morella,,californica,,,Species,"Acc. Jepson Manual II (online), 2011",,,,,,,"P. B. Kennedy",,s.n.,1919-05-16,1919,5,16,136,,"16 May 1919","Wax Myrtle or Bay Berry.",,,,,,,,,,,,,,,,,,,"United States",California,"Sonoma County",,"Sonoma County: Del Mar.",,0,,38.742805,-123.499474,WGS84,1500,,"UCBerkeley B",,"Geolocate (copied from UCD93601)",,"Date Georeferenced: Fri May 11 16:28:12 2012",,,,,,,,,evyun,"2021-07-20 11:38:20",UCD110297,39,urn:uuid:2f2bf961-c97c-451b-8500-0df62617cee7,https://www.cch2.org/portal/collections/individual/index.php?occid=1363296
1363297,DAV,,,PreservedSpecimen,UCD110298,DAV359107,"DAV133442; UCD110298",Organism|Plantae|Viridiplantae|Streptophyta|Embryophyta|Tracheophyta|Spermatophytina|Magnoliopsida|Rosanae|Fagales|Myricaceae|Morella,Plantae,Tracheophyta,Magnoliopsida,Fagales,Myricaceae,"Morella californica",26254,"(Cham.) Wilbur",Morella,,californica,,,Species,"Acc. Jepson Manual II (online), 2011",,,,,,,"D. Sanchez-Mata","M. G. Barbour",s.n.,1996-04-14,1996,4,14,105,,"14 Apr 1996",,"Coast forests.",,,,,,,,,,,,,,,,,,"United States",California,"Mendocino County",,"Mendocino County: Fort Bragg-Mendocino. Jug Handle State Reserve. Jug Handle Creek.",,0,,39.368443,-123.785356,WGS84,2850,,"Chico S.U. (no. 9)",,"Geolocate (copied from UCD118100)",,,30,,,,,,,,evyun,"2021-07-20 11:39:25",UCD110298,39,urn:uuid:bdcb0016-a793-430c-be48-1c82682224cd,https://www.cch2.org/portal/collections/individual/index.php?occid=1363297
1363299,DAV,,,PreservedSpecimen,UCD110300,DAV359108,"DAV63353; UCD110300",Organism|Plantae|Viridiplantae|Streptophyta|Embryophyta|Tracheophyta|Spermatophytina|Magnoliopsida|Rosanae|Fagales|Myricaceae|Morella,Plantae,Tracheophyta,Magnoliopsida,Fagales,Myricaceae,"Morella californica",26254,"(Cham.) Wilbur",Morella,,californica,,,Species,"Acc. Jepson Manual II (online), 2011",,,,,,,"Thomas Morley",,88,1940-11-23,1940,11,23,328,,"23 Nov 1940","In shade of Lithocarpus, Arbutus menziesii; growing with Cornus, Salix.",,,"A shrubby tree 15 feet high, leaves faintly fragrant.",,,,,,,,,,,,,,,,"United States",California,"San Benito County",,"San Benito County: Northwest side of Fremont Peak.",,0,,36.76046,-121.53211,NAD27,3136,,"UCSanta Cruz D",,"Terrain Navigator 5.03 1:24000 (copied from UC674791)",,"Date Georeferenced: Mon Nov 5 11:44:06 2012",488,,,,,1600ft,,,evyun,"2021-07-20 11:41:04",UCD110300,39,urn:uuid:cb0e6579-f110-4e21-886a-3944601cabfc,https://www.cch2.org/portal/collections/individual/index.php?occid=1363299
1363301,DAV,,,PreservedSpecimen,UCD110302,DAV359109,"DAV29706; UCD110302",Organism|Plantae|Viridiplantae|Streptophyta|Embryophyta|Tracheophyta|Spermatophytina|Magnoliopsida|Rosanae|Fagales|Myricaceae|Morella,Plantae,Tracheophyta,Magnoliopsida,Fagales,Myricaceae,"Morella californica",26254,"(Cham.) Wilbur",Morella,,californica,,,Species,"Acc. Jepson Manual II (online), 2011",,,,,,,"Malcolm A. Nobs","S. Galen Smith",864,1949-06-24,1949,6,24,175,,"24 Jun 1949",,"Fresh water marsh, estuary leading into bay.",,"Shrub, 6-15 feet tall; with Cornus.",,,,,,,,Cornus,,,,,,,,"United States",California,"San Luis Obispo County",,"San Luis Obispo County: East end of Morro Bay.",,0,,35.3465,-120.8363,NAD27,1000,,"UCDavis I",,"Terrain Nav. v. 8.7 (copied from SBBG42998)",,"Date Georeferenced: Thu May 3 10:08:15 2018",,,,,,,,,evyun,"2021-07-20 11:42:47",UCD110302,39,urn:uuid:42007615-5c3c-41b3-917f-0d83722bc047,https://www.cch2.org/portal/collections/individual/index.php?occid=1363301
1363302,DAV,,,PreservedSpecimen,UCD110303,DAV359110,"DAV13936; UCD110303",Organism|Plantae|Viridiplantae|Streptophyta|Embryophyta|Tracheophyta|Spermatophytina|Magnoliopsida|Rosanae|Fagales|Myricaceae|Morella,Plantae,Tracheophyta,Magnoliopsida,Fagales,Myricaceae,"Morella californica",26254,"(Cham.) Wilbur",Morella,,californica,,,Species,"Acc. Jepson Manual II (online), 2011",,,,,,,"R. V. Parke","J. M. Tucker",2648,1953-05-30,1953,5,30,150,,"30 May 1953",,,,"Shrubby tree 15-18 feet tall.",,,,,,,,"Cupressus, Ledum, Pinus contorta, Rhododendron macrophyllum",,,,,,,,"United States",California,"Mendocino County",,"Mendocino County: 1.9 miles inland from Mendocino.",,0,,39.234891,-123.768203,WGS84,980,,"Humboldt S.U. (no. 15)",,"GoogleMaps via BerkeleyMapper (copied from UCD117848)",,,,,,,,,,,evyun,"2021-07-22 09:12:42",UCD110303,39,urn:uuid:60edb439-5d15-404a-80c2-9749e29e3569,https://www.cch2.org/portal/collections/individual/index.php?occid=1363302
1363304,DAV,,,PreservedSpecimen,UCD110305,DAV359111,"DAV60518; UCD110305",Organism|Plantae|Viridiplantae|Streptophyta|Embryophyta|Tracheophyta|Spermatophytina|Magnoliopsida|Rosanae|Fagales|Myricaceae|Morella,Plantae,Tracheophyta,Magnoliopsida,Fagales,Myricaceae,"Morella californica",26254,"(Cham.) Wilbur",Morella,,californica,,,Species,"Acc. Jepson Manual II (online), 2011",,,,,,,"Ralph N. Philbrick",,s.n.,1964-06-04,1964,6,4,156,,"4 Jun 1964","Edge of water.",,,,,,,,,,,,,,,,,,,"United States",California,"Santa Barbara County",,"Santa Barbara County: Oso Flaco Lake.",,0,,35.03,-120.6175,NAD83,2000,,"Santa Barbara Botanic Garden A",,"Terrain Nav. v. 8.7 (copied from SBBG35759)",,,,,,,,,,,evyun,"2021-07-22 09:13:48",UCD110305,39,urn:uuid:cf58d85c-f436-4a95-b125-3ccd8ea31952,https://www.cch2.org/portal/collections/individual/index.php?occid=1363304
1363305,DAV,,,PreservedSpecimen,0c62582c-3adc-4ba5-a0d4-6b1ba0566832,DAV359112,"DAV37501; UCD110306",Organism|Plantae|Viridiplantae|Streptophyta|Embryophyta|Tracheophyta|Spermatophytina|Magnoliopsida|Rosanae|Fagales|Myricaceae|Morella,Plantae,Tracheophyta,Magnoliopsida,Fagales,Myricaceae,"Morella californica",26254,"(Cham.) Wilbur",Morella,,californica,,,Species,"Acc. Jepson Manual II (online), 2011",,,,,,,"Lewis S. Rose",,65091,1965-08-25,1965,8,25,237,,"25 Aug 1965",,"Wet sandy gully.",,,,,,,,,,,,,,,,,,"United States",California,"Merced County",,"Merced County: Lake Merced, above Brotherhood Way.",,0,,37.714,-122.4745,WGS84,1000,,"San Jose S.U. A",,"GoogleMaps via BerkeleyMapper (copied from HSC7765)",,"copied from duplicate; georef from 2006-2015 archive backup file; Date Georeferenced: Thu Aug 22 13:27:11 2013",15,,,,,50ft,,,evyun,"2021-07-22 09:15:14",UCD110306,39,urn:uuid:0c62582c-3adc-4ba5-a0d4-6b1ba0566832,https://www.cch2.org/portal/collections/individual/index.php?occid=1363305
1363306,DAV,,,PreservedSpecimen,UCD110308,DAV359113,"DAV69290; UCD110308",Organism|Plantae|Viridiplantae|Streptophyta|Embryophyta|Tracheophyta|Spermatophytina|Magnoliopsida|Rosanae|Fagales|Myricaceae|Morella,Plantae,Tracheophyta,Magnoliopsida,Fagales,Myricaceae,"Morella californica",26254,"(Cham.) Wilbur",Morella,,californica,,,Species,"Acc. Jepson Manual II (online), 2011",,,,,,,"Teresa A. Sholars",,15,1975-01-18,1975,1,18,18,,"18 Jan 1975",,"In closed dense pygmy forest.",,"Shrub ca. 4 feet tall, very vigorous (bright green foliage) in comparison with other vegetation.",,,,,,,,"Rhododendron macrophyllum, Vaccinium ovatum, Cupressus pygmaea",,,,,,,,"United States",California,"Mendocino County",,"Mendocino County: 1/8 mile north of Comptche-Ukiah Road, 2 miles east of State Highway 1.",,0,,39.288508,-123.758684,WGS84,1255,,"Humboldt S.U. (no. 15)",,"GoogleMaps via BerkeleyMapper",,,,,,,,,,,evyun,"2021-07-22 09:17:30",UCD110308,39,urn:uuid:687450f3-d14c-4feb-b9e1-deab41a8c104,https://www.cch2.org/portal/collections/individual/index.php?occid=1363306
1363308,DAV,,,PreservedSpecimen,UCD110310,DAV359114,"DAV06229; UCD110310",Organism|Plantae|Viridiplantae|Streptophyta|Embryophyta|Tracheophyta|Spermatophytina|Magnoliopsida|Rosanae|Fagales|Myricaceae|Morella,Plantae,Tracheophyta,Magnoliopsida,Fagales,Myricaceae,"Morella californica",26254,"(Cham.) Wilbur",Morella,,californica,,,Species,"Acc. Jepson Manual II (online), 2011",,,,,,,"T. I. Storer",,2220,1931-07-01,1931,7,1,182,,"Jul 1931",,,,,,,,,,,,,,,,,,,,"United States",California,"Humboldt County",,"Humboldt County: Near Samoa.",,0,,40.81889,-124.18528,WGS84,1225,,"Chico S.U. (no. 11)",,GEOLocate,,,,,,,,,,,evyun,"2021-07-22 09:19:05",UCD110310,39,urn:uuid:df055103-8488-4ace-aafb-ada37c417f26,https://www.cch2.org/portal/collections/individual/index.php?occid=1363308
1363309,DAV,,,PreservedSpecimen,UCD110311,DAV359115,"DAV31617; UCD110311",Organism|Plantae|Viridiplantae|Streptophyta|Embryophyta|Tracheophyta|Spermatophytina|Magnoliopsida|Rosanae|Fagales|Myricaceae|Morella,Plantae,Tracheophyta,Magnoliopsida,Fagales,Myricaceae,"Morella californica",26254,"(Cham.) Wilbur",Morella,,californica,,,Species,"Acc. Jepson Manual II (online), 2011",,,,,,,"Joseph P. Tracy",,17956,1948-04-04,1948,4,4,95,,"4 Apr 1948",Common.,"Sand dunes",,"10 ft. tall.",,,,,,,,,,,,,,,,"United States",California,"Humboldt County",,"Humboldt County: Near Samoa, on Humboldt Bay.",,0,,40.8239,-124.1871,NAD27,1622,,"Humboldt S.U. (no. 5)",,"Terrain Navigator Pro (copied from HSC34257)",,"Date Georeferenced: Thu Jul 19 12:25:37 2012",6,,,,,20ft,,,evyun,"2021-07-22 09:21:08",UCD110311,39,urn:uuid:225c5b5c-7f27-4555-ae19-72b6a9343f3e,https://www.cch2.org/portal/collections/individual/index.php?occid=1363309
1363311,DAV,,,PreservedSpecimen,UCD110313,DAV359116,"DAV6225; UCD110313",Organism|Plantae|Viridiplantae|Streptophyta|Embryophyta|Tracheophyta|Spermatophytina|Magnoliopsida|Rosanae|Fagales|Myricaceae|Morella,Plantae,Tracheophyta,Magnoliopsida,Fagales,Myricaceae,"Morella californica",26254,"(Cham.) Wilbur",Morella,,californica,,,Species,"Acc. Jepson Manual II (online), 2011",,,,,,,"T. E. Weier",,s.n.,1942-05-21,1942,5,21,141,,"21 May 1942",,"In Coast Ranges.",,,,,,,,,,,,,,,,,,"United States",California,"Mendocino County",,"Mendocino County: Gualala.",,0,,38.8086,-123.5928,WGS84,495,,"Humboldt S.U. (no. 5)",,"GoogleMaps via BerkeleyMapper (copied from UCD106037)",,"Date Georeferenced: Tue Jun 5 10:57:30 2012",,,,,,,,,evyun,"2021-07-22 09:28:01",UCD110313,39,urn:uuid:21e66400-3248-48cf-85b8-5fff09d578f4,https://www.cch2.org/portal/collections/individual/index.php?occid=1363311
1401521,DAV,,,PreservedSpecimen,0f27f94f-e692-4114-9ad2-9fb5c4bf0ae0,DAV359098,"DAV215250; UCD163600",Organism|Plantae|Viridiplantae|Streptophyta|Embryophyta|Tracheophyta|Spermatophytina|Magnoliopsida|Rosanae|Fagales|Myricaceae|Morella,Plantae,Tracheophyta,Magnoliopsida,Fagales,Myricaceae,"Morella californica",26254,"(Cham.) Wilbur",Morella,,californica,,,Species,"syn acc. Jepson Interchange, Apr 2016",,,,,,,"Peter Rubtzoff",,9634,1980-12-11,1980,12,11,346,,"11 Dec 1980",,,,"Single shrub growing among and in shade of willows (S. lasiolepis var. bigelovii).",,,,,,,,,,,,,,,,"United States",California,"San Mateo County",,"San Mateo County: San Bruno Mountains. 'Saddle' area on north side of Guadalupe Canyon Parkway, west of Radio Road junction, East Fork Colma Creek Canyon.",,0,,37.698333,-122.438889,WGS84,500,"37° 41m 54s N; 122° 26m 20s W",,,,,,,,,,,,,,,"2021-07-20 11:18:06",UCD163600,39,urn:uuid:0f27f94f-e692-4114-9ad2-9fb5c4bf0ae0,https://www.cch2.org/portal/collections/individual/index.php?occid=1401521
1448600,UCR,,,PreservedSpecimen,UCR-BPS-38973,UCR0040068,UCR-38973,Organism|Plantae|Viridiplantae|Streptophyta|Embryophyta|Tracheophyta|Spermatophytina|Magnoliopsida|Rosanae|Fagales|Myricaceae|Myrica,Plantae,Tracheophyta,Magnoliopsida,Fagales,Myricaceae,"Myrica californica",26363,Cham.,Myrica,,californica,,,Species,,,,,,,,"David J. Keil",,13699,1980-03-01,1980,3,1,61,,1980-3-1,"Dunes heavily disturbed by off-road vehicular traffic. Locally common at some dune slack sites; at Maidenform Flat forming a pygmy forest with litter-covered soil but no understory.","Coastal dune field. Lake bordered by ring of Salix and inner ring of Scirpus californicus.",,,,,,,,,,,Fertile,,,,,,,"United States",California,"San Luis Obispo",,"Nipomo Dunes in vicinity of Oso Flaco Lake.",,0,,35.03,-120.6175,,,,,,"Terrain Nav. v. 8.7 (copied from SBBG25525)",,,,,,,,,,,,"2021-09-26 15:34:44",UCR-BPS-38973,3,urn:uuid:1b5d5530-da07-43f5-84d9-f0ce7fe3ba93,https://www.cch2.org/portal/collections/individual/index.php?occid=1448600
1448601,UCR,,,PreservedSpecimen,UCR-BPS-38974,UCR0040069,UCR-38974,Organism|Plantae|Viridiplantae|Streptophyta|Embryophyta|Tracheophyta|Spermatophytina|Magnoliopsida|Rosanae|Fagales|Myricaceae|Myrica,Plantae,Tracheophyta,Magnoliopsida,Fagales,Myricaceae,"Myrica californica",26363,Cham.,Myrica,,californica,,,Species,,,,,,,,"Robert J. Rodin",,8424,1970-09-10,1970,9,10,253,,1970-9-10,"Small tree 15 ft. high in low spot; berries rough textured, purple-black. Hollow in sand dunes c. 300 yards from the Pacific ocean near a shell mound in the Park.",,,,,,,,,,,,Fruiting,,,,,,,"United States",California,"San Luis Obispo",,"Pismo Beach State Park",,0,,35.08722,-120.62667,,,,,,TopoZoneACS,,,3,,,,,,,,,"2021-09-26 15:34:44",UCR-BPS-38974,3,urn:uuid:c42cbbf4-0f24-4402-ad98-07fa652feec7,https://www.cch2.org/portal/collections/individual/index.php?occid=1448601
1448603,UCR,,,PreservedSpecimen,UCR-BPS-23592,UCR0040063,UCR-23592,Organism|Plantae|Viridiplantae|Streptophyta|Embryophyta|Tracheophyta|Spermatophytina|Magnoliopsida|Rosanae|Fagales|Myricaceae|Myrica,Plantae,Tracheophyta,Magnoliopsida,Fagales,Myricaceae,"Myrica californica",26363,Cham.,Myrica,,californica,,,Species,,,,,,,,"John C. Roos",,6623,1957-07-01,1957,7,1,182,,1957-7-1,"On wet soil on edge of sphagnum bog.","The Pygmy Forest region; with Pinus contorta and Rhododendron.",,,,,,,,,,,Sterile,,,,,,,"United States",California,Mendocino,,"Little River",,0,,39.27083,-123.78722,,,,,,TopoZoneACS,,,,,,,,,,,,"2021-09-26 15:34:28",UCR-BPS-23592,3,urn:uuid:78911c44-93ad-4fc9-b604-4a9a8f146f4f,https://www.cch2.org/portal/collections/individual/index.php?occid=1448603
1448607,UCR,,,PreservedSpecimen,UCR-BPS-18821,UCR0040065,UCR-18821,Organism|Plantae|Viridiplantae|Streptophyta|Embryophyta|Tracheophyta|Spermatophytina|Magnoliopsida|Rosanae|Fagales|Myricaceae|Myrica,Plantae,Tracheophyta,Magnoliopsida,Fagales,Myricaceae,"Myrica californica",26363,Cham.,Myrica,,californica,,,Species,,,,,,,,"Charlotte M. Hoak",,s.n.,1931-07-07,1931,7,7,188,,1931-7-7,"Along stream.",,,,,,,,,,,,Fruiting,,,,,,,"United States",California,Mendocino,,"Marsh Creek",,0,,39.23978,-123.57658,,,,,,"Terrain Navigator",,,,,,,,,,,,"2021-09-26 15:34:18",UCR-BPS-18821,3,urn:uuid:c7988148-582d-49a6-97f7-94462ff30ca9,https://www.cch2.org/portal/collections/individual/index.php?occid=1448607
1448608,UCR,,,PreservedSpecimen,UCR-BPS-5036,UCR0040066,UCR-5036,Organism|Plantae|Viridiplantae|Streptophyta|Embryophyta|Tracheophyta|Spermatophytina|Magnoliopsida|Rosanae|Fagales|Myricaceae|Myrica,Plantae,Tracheophyta,Magnoliopsida,Fagales,Myricaceae,"Myrica californica",26363,Cham.,Myrica,,californica,,,Species,,,,,,,,"Frank C. Vasek",,660715--11,1966-07-15,1966,7,15,196,,1966-7-15,,,,,,,,,,,,,Fruiting,,,,,,,"United States",California,Mendocino,,"South of Point Arena, 13 miles from [south of] Manchester",,0,,38.81639,-123.59833,,,,,,GoogleEarthACS,,,,,,,,,,,,"2021-09-26 15:34:47",UCR-BPS-5036,3,urn:uuid:cb68ac4b-380b-4ffb-9384-adb7aaabb179,https://www.cch2.org/portal/collections/individual/index.php?occid=1448608
1463190,UCR,,,PreservedSpecimen,UCR-BPS-64622,UCR0040060,UCR-64622,Organism|Plantae|Viridiplantae|Streptophyta|Embryophyta|Tracheophyta|Spermatophytina|Magnoliopsida|Rosanae|Fagales|Myricaceae|Myrica,Plantae,Tracheophyta,Magnoliopsida,Fagales,Myricaceae,"Myrica californica",26363,Cham.,Myrica,,californica,,,Species,,,,,,,,"Joseph A. Ewan",,8052,1933-10-22,1933,10,22,295,,1933-10-22,"Shapely rounded tree ± 12 to 20 ft. [high].","Cold Bog,",,,,,,,,,,,Fruiting,,,,,,,"United States",California,Marin,,"Point Reyes Peninsula",,0,,38.06667,-122.91667,,,,,,GoogleEarthACS,,,,,,,,,,,,"2021-09-26 15:34:53",UCR-BPS-64622,3,urn:uuid:ef045125-01bc-400d-83e8-d64445900744,https://www.cch2.org/portal/collections/individual/index.php?occid=1463190
1463191,UCR,,,PreservedSpecimen,UCR-BPS-53755,UCR0040061,UCR-53755,Organism|Plantae|Viridiplantae|Streptophyta|Embryophyta|Tracheophyta|Spermatophytina|Magnoliopsida|Rosanae|Fagales|Myricaceae|Myrica,Plantae,Tracheophyta,Magnoliopsida,Fagales,Myricaceae,"Myrica californica",26363,Cham.,Myrica,,californica,,,Species,,,,,,,,"C.W. Tilforth","John Dourley",1143,1975-09-27,1975,9,27,270,,1975-9-27,"Common large shrub on wind-swept slopes above beach.",,,,,,,,,,,,Fruiting,,,,,,,"United States",California,Mendocino,,"Point Cabrillo, c. 5 miles north of Mendocino",,0,,39.34925,-123.82447,,,,,,GoogleEarthACS,,,,,,,,,,,,"2021-09-26 15:34:48",UCR-BPS-53755,3,urn:uuid:06ad55eb-e53c-476b-92d2-0683c9d7a9f6,https://www.cch2.org/portal/collections/individual/index.php?occid=1463191
1463192,UCR,,,PreservedSpecimen,UCR-BPS-70771,UCR0040062,UCR-70771,Organism|Plantae|Viridiplantae|Streptophyta|Embryophyta|Tracheophyta|Spermatophytina|Magnoliopsida|Rosanae|Fagales|Myricaceae|Myrica,Plantae,Tracheophyta,Magnoliopsida,Fagales,Myricaceae,"Myrica californica",26363,Cham.,Myrica,,californica,,,Species,,,,,,,,"Carl B. Wolf",,11463,1944-10-23,1944,10,23,297,,1944-10-23,"Shrub 10 ft. high and across; trunks to 2 inches; sandy loam along road. Prop. No. 5037.",,,,,,,,,,,,Fruiting,,,,,,,"United States",California,Mendocino,,"1 mile north of Caspar",,0,,39.38008,-123.81394,,,,,,GoogleEarthACS,,,61,,,,,,,,,"2021-09-26 15:34:55",UCR-BPS-70771,3,urn:uuid:4cf761e8-cb29-4200-9bf6-77a4d847162c,https://www.cch2.org/portal/collections/individual/index.php?occid=1463192
1563406,UCR,,,PreservedSpecimen,UCR-BPS-143143,UCR0040071,UCR-143143,Organism|Plantae|Viridiplantae|Streptophyta|Embryophyta|Tracheophyta|Spermatophytina|Magnoliopsida|Rosanae|Fagales|Myricaceae|Myrica,Plantae,Tracheophyta,Magnoliopsida,Fagales,Myricaceae,"Myrica californica",26363,Cham.,Myrica,,californica,,,Species,,,,,,,,"Frank W. Peirson",,12385,1938-04-13,1938,4,13,103,,1938-4-13,"Trees slender, 15-20 ft., in marshy region with their roots in water.",,,,,,,,,,,,Flowering,,,,,,,"United States",California,"Santa Barbara",,"Bear Creek, about 2 miles south of Surf and station 0.5 mile up stream",,0,,34.64778,-120.60167,,,,,,TopoZoneACS,,,61,,,,,,,,,"2021-09-26 15:34:09",UCR-BPS-143143,3,urn:uuid:c06ffec1-68c0-4765-b9fc-e7713e75b0f8,https://www.cch2.org/portal/collections/individual/index.php?occid=1563406
1595457,UCR,,,PreservedSpecimen,UCR-BPS-175792,UCR0040070,UCR-175792,Organism|Plantae|Viridiplantae|Streptophyta|Embryophyta|Tracheophyta|Spermatophytina|Magnoliopsida|Rosanae|Fagales|Myricaceae|Myrica,Plantae,Tracheophyta,Magnoliopsida,Fagales,Myricaceae,"Myrica californica",26363,Cham.,Myrica,,californica,,,Species,,,,,,,,"Mark A. Elvin","C. Rutherford, David J. Keil, Luanne Lum",4587,2005-10-07,2005,10,7,280,,2005-10-7,"Occasional shrub around edge of the marsh.","Freshwater marsh/willow woodland with Salix lasiolepsis, Sparganium, Epilobium ciliatum in soils peat.",,,,,,,,,,,Fruiting,,,,,,,"United States",California,"Santa Barbara",,"Burton Mesa: Vandenburg Air Force Base, tributary to San Antonio Creek, 200 m west of Pacific Coast Hwy (Hwy 1)",,0,,34.75744,-120.51614,,,,,,"Collector GPS",,,146,,,,,,,,,"2021-09-26 15:34:15",UCR-BPS-175792,3,urn:uuid:9a1463d1-24e5-411f-9ab3-ec747e365347,https://www.cch2.org/portal/collections/individual/index.php?occid=1595457
1894563,UCSB,,,PreservedSpecimen,1a579aa9-34c9-45d1-a175-7d9cfec9e6a6,UCSB006082,061307,Organism|Plantae|Viridiplantae|Streptophyta|Embryophyta|Tracheophyta|Spermatophytina|Magnoliopsida|Rosanae|Fagales|Myricaceae|Morella,Plantae,Tracheophyta,Magnoliopsida,Fagales,Myricaceae,"Morella californica",26254,"(Cham.) Wilbur",Morella,,californica,,,Species,,,,,,,,"Parikh, Anuja.","Gale, Nathan.",139,1994-05-25,1994,5,25,145,,"May 25, 1994",,"Willow woodland vegetation.","Moist, sandy soil.","Native shrub to small tree, 2-10 m tall,evergreen. Leaves glossy dark green, scented. Fruit covered with resin globules and conspicuous whitish wax.",,,,,,,,"Salix lasiolepis",,,,,,,"Sheet - 1","United States",California,"Santa Barbara",,"Collected in Reference Wetland 5; Peacekeeper Rail Garrison and Small ICBM Mitigation Program, 1990-1995; Vandendberg Air Force Base; San Antonio Terrace.",,0,,34.80373,-120.5654,WGS84,2250,"34.80373° N, 120.5654° W","Santa Barbara Botanic Garden A",,"Terrain Nav. v. 7.8 USGS 1:24000 (copied from UCSB61282)",,,73,,,,,"73 m",,,melissamullis,"2020-03-04 15:36:00",,35,urn:uuid:1a579aa9-34c9-45d1-a175-7d9cfec9e6a6,https://www.cch2.org/portal/collections/individual/index.php?occid=1894563
1894564,UCSB,,,PreservedSpecimen,6db31751-8c4a-4625-b617-9853bd61839c,UCSB006083,018989,Organism|Plantae|Viridiplantae|Streptophyta|Embryophyta|Tracheophyta|Spermatophytina|Magnoliopsida|Rosanae|Fagales|Myricaceae|Morella,Plantae,Tracheophyta,Magnoliopsida,Fagales,Myricaceae,"Morella californica",26254,"(Cham.) Wilbur",Morella,,californica,,,Species,,,,,,,,"Joseph Keefe",,744,1964-09-08,1964,9,8,252,,"8 Sept.1963","Common in sphagnum bog","Sphagnum bog",,"Shrub 2.5 m tall",,,,,,,,,Fruit,,,,,,"Sheet - 1",,,,,"Summer's Road; 2 miles North of California Highway 20; 3 mile southeast of Fort Bragg",,0,,39.420721,-123.769951,WGS84,1000,,,,,,,30,,,,,"100 ft",,,tadeo,"2020-12-18 14:21:04",,35,urn:uuid:6db31751-8c4a-4625-b617-9853bd61839c,https://www.cch2.org/portal/collections/individual/index.php?occid=1894564
1894565,UCSB,,,PreservedSpecimen,054acf23-d9eb-48bd-833e-87546712b1d6,UCSB006084,026496,Organism|Plantae|Viridiplantae|Streptophyta|Embryophyta|Tracheophyta|Spermatophytina|Magnoliopsida|Rosanae|Fagales|Myricaceae|Morella,Plantae,Tracheophyta,Magnoliopsida,Fagales,Myricaceae,"Morella californica",26254,"(Cham.) Wilbur",Morella,,californica,,,Species,,,,,,,,"Joseph M. Keefe",,1676,1967-04-21,1967,4,21,111,,"21 April 1967",,,,"Shrub 3 feet high.",,,,,,,,,,,,,,,"Sheet - 1","United States",California,"San Luis Obispo",,"1000 yards southwest of Oso Flaco Lake, northwest of Santa Maria.",,0,,35.03,-120.6175,NAD83,2000,,"CalPoly D",,"Terrain Nav. v. 8.7 (copied from SBBG25525)",,,6,,,,,"20 feet",,,krg,"2020-03-04 15:36:00",,35,urn:uuid:054acf23-d9eb-48bd-833e-87546712b1d6,https://www.cch2.org/portal/collections/individual/index.php?occid=1894565
1894566,UCSB,,,PreservedSpecimen,2420db50-4af0-49e5-b637-cbbbbe5c4d84,UCSB006085,000989,Organism|Plantae|Viridiplantae|Streptophyta|Embryophyta|Tracheophyta|Spermatophytina|Magnoliopsida|Rosanae|Fagales|Myricaceae|Morella,Plantae,Tracheophyta,Magnoliopsida,Fagales,Myricaceae,"Morella californica",26254,"(Cham.) Wilbur",Morella,,californica,,,Species,,,,,,,,"John R. Haller",,1711,1960-07-02,1960,7,2,184,,"July 2, 1960",,"Moist N slope.",,"Tree, 15 feet tall.",,,,,,,,,,,,,,,"Sheet - 1","United States",California,"Santa Barbara",,"0.1 mile north of Jualachichi Summit on road to Jalama Beach COunty Park, south of Lompoc.",,0,,34.528,-120.394,NAD27,1000,,"Santa Barbara Botanic Garden A",,"Terrain Nav. v. 8.7 (copied from SBBG87161)",,"Mon Feb 17 15:13:31 2014",335,,,,,1100',,,melissamullis,"2020-03-04 15:36:00",,35,urn:uuid:2420db50-4af0-49e5-b637-cbbbbe5c4d84,https://www.cch2.org/portal/collections/individual/index.php?occid=1894566
1894567,UCSB,,,PreservedSpecimen,76ef29e8-edcf-4c42-8e92-5be3a22962c9,UCSB006086,7841,Organism|Plantae|Viridiplantae|Streptophyta|Embryophyta|Tracheophyta|Spermatophytina|Magnoliopsida|Rosanae|Fagales|Myricaceae|Morella,Plantae,Tracheophyta,Magnoliopsida,Fagales,Myricaceae,"Morella californica",26254,"(Cham.) Wilbur",Morella,,californica,,,Species,,,,,,,,"John R. Haller",,2092,1966-02-05,1966,2,5,36,,"Feb. 5, 1966",Abundant.,,"Sandy soil.","Shrub, 10 feet high.",,,,,,,,"Salix spp.",,,,,,,"Sheet - 1","United States",California,"San Luis Obispo",,"Outlet creek between Oso Flaco Lake and the Pacific Ocean, Nipomo Dunes, 5 miles south of Oceano.",,0,,35.026909,-120.631046,WGS84,1000,,,,,,,0,,,,,"sea level",,,krg,"2020-03-04 15:36:00",,35,urn:uuid:76ef29e8-edcf-4c42-8e92-5be3a22962c9,https://www.cch2.org/portal/collections/individual/index.php?occid=1894567
1894568,UCSB,,,PreservedSpecimen,dcf8c498-d7de-450c-a5d1-5dbb0a2c4e7e,UCSB006087,011546,Organism|Plantae|Viridiplantae|Streptophyta|Embryophyta|Tracheophyta|Spermatophytina|Magnoliopsida|Rosanae|Fagales|Myricaceae|Myrica,Plantae,Tracheophyta,Magnoliopsida,Fagales,Myricaceae,"Myrica californica",26363,Cham.,Myrica,,californica,,,Species,,,,,,,,"Hugh Dearing","Dearing, M.",3075,1939-03-19,1939,3,19,78,,"March 19, 1939",,,,"Shrub to 10 feet high.",,,,,,,,,,,,,,,"Sheet - 1","United States",California,"San Luis Obispo",,"Near salt marsh; Oso Flaco Lake.",,0,,35.02792,-120.621895,WGS84,500,,,,,,,,,,,,,,,melissamullis,"2020-03-04 15:36:00",,35,urn:uuid:dcf8c498-d7de-450c-a5d1-5dbb0a2c4e7e,https://www.cch2.org/portal/collections/individual/index.php?occid=1894568
1894569,UCSB,,,PreservedSpecimen,f0e97e2c-473a-41d7-a266-bac3dcc8e7be,UCSB006088,006818,Organism|Plantae|Viridiplantae|Streptophyta|Embryophyta|Tracheophyta|Spermatophytina|Magnoliopsida|Rosanae|Fagales|Myricaceae|Morella,Plantae,Tracheophyta,Magnoliopsida,Fagales,Myricaceae,"Morella californica",26254,"(Cham.) Wilbur",Morella,,californica,,,Species,,,,,,,,"Frances Long",,279,1939-03-19,1939,3,19,78,,"Mar. 19, 1939",,,,,,,,,,,,,,,,,,,"Sheet - 1","United States",California,"San Luis Obispo",,"Oso Flaco Lake",,0,,35.029384,-120.62062,WGS84,500,,,,,,,30,,,,,,,,tadeo,"2020-12-18 14:21:04",,35,urn:uuid:f0e97e2c-473a-41d7-a266-bac3dcc8e7be,https://www.cch2.org/portal/collections/individual/index.php?occid=1894569
1894570,UCSB,,,PreservedSpecimen,4d9097a8-0902-4bf6-b031-91c6d7aeeaab,UCSB006089,015643,Organism|Plantae|Viridiplantae|Streptophyta|Embryophyta|Tracheophyta|Spermatophytina|Magnoliopsida|Rosanae|Fagales|Myricaceae|Morella,Plantae,Tracheophyta,Magnoliopsida,Fagales,Myricaceae,"Morella californica",26254,"(Cham.) Wilbur",Morella,,californica,,,Species,,,,,,,,"Dennis E. Breedlove",,3112,1962-06-08,1962,6,8,159,,"June 8, 1962",,"Extensive bog",,"Shrub 3 feet tall",,,,,,,,"Carex sp., Ledum glandulosum, Lithocarpus densiflora",,,,,,,"Sheet - 1","United States",California,"Del Norte",,"on south bank of the Smith River, 2.6 miles northeast of Gasquet on U.S. Highway 199",,0,,41.877459,-123.957975,WGS84,5000,,,,,,,183,,,,,"600 ft",,,chaomingxu,"2020-03-04 15:36:00",,35,urn:uuid:4d9097a8-0902-4bf6-b031-91c6d7aeeaab,https://www.cch2.org/portal/collections/individual/index.php?occid=1894570
1894571,UCSB,,,PreservedSpecimen,9576452b-e8e3-41a0-b6f0-3cd16f7a0ca5,UCSB006090,055137,Organism|Plantae|Viridiplantae|Streptophyta|Embryophyta|Tracheophyta|Spermatophytina|Magnoliopsida|Rosanae|Fagales|Myricaceae|Morella,Plantae,Tracheophyta,Magnoliopsida,Fagales,Myricaceae,"Morella californica",26254,"(Cham.) Wilbur",Morella,,californica,,,Species,,,,,,,,"Martin Fletcher",,229,1980-01-05,1980,1,5,5,,"Jan. 5, 1980","Locally common on the streambank on the Alegria Formation.",Riparian.,,,,,,,,,,"Salix laevigata, Garrya elliptica, Rubus ursinus.",,,,,,,"Sheet - 1","United States",California,"Santa Barbara",,"Collected 2.4 miles north of the coast in Bulito Canyon.",,0,,34.4695,-120.34125,WGS84,1000,"34°28'10.2""N 120°20'28.5""W",,,,,,122,,,,,"400 feet",,,2019ldescareno,"2020-12-18 14:21:04",,35,urn:uuid:9576452b-e8e3-41a0-b6f0-3cd16f7a0ca5,https://www.cch2.org/portal/collections/individual/index.php?occid=1894571
1894572,UCSB,,,PreservedSpecimen,d70d2e57-6717-47db-82cf-9c5eca68630b,UCSB006091,056702,Organism|Plantae|Viridiplantae|Streptophyta|Embryophyta|Tracheophyta|Spermatophytina|Magnoliopsida|Rosanae|Fagales|Myricaceae|Myrica,Plantae,Tracheophyta,Magnoliopsida,Fagales,Myricaceae,"Myrica californica",26363,Cham.,Myrica,,californica,,,Species,,,,,,,,"David Pritchett",,132,1987-07-22,1987,7,22,203,,"22 Jul 1987","Uncommon preren. shrub.","Perennial freshwater marsh","Loamy sand",,,,,,,,,,,,,,,,"Sheet - 1","United States",California,"Santa Barbara",,"San Antionia Terrace, Vandenberg Air Force Base",,0,,34.816555,-120.584372,WGS84,,,,,,,,61,,,,,"200 ft.",,,2019katherine,"2020-12-18 14:21:04",,35,urn:uuid:d70d2e57-6717-47db-82cf-9c5eca68630b,https://www.cch2.org/portal/collections/individual/index.php?occid=1894572
1894573,UCSB,,,PreservedSpecimen,df068b1b-dcbe-4cb2-80fb-f687ebf4b750,UCSB006092,051642,Organism|Plantae|Viridiplantae|Streptophyta|Embryophyta|Tracheophyta|Spermatophytina|Magnoliopsida|Rosanae|Fagales|Myricaceae|Morella,Plantae,Tracheophyta,Magnoliopsida,Fagales,Myricaceae,"Morella californica",26254,"(Cham.) Wilbur",Morella,,californica,,,Species,,,,,,,,"Dennis E. Breedlove",,2961,1962-06-07,1962,6,7,158,,"June 7, 1962",,"Sphangnous bog",,"Shrub, 4 feet tall.",,,,,,,,"Pinus muricata, Arctostaphylos spp., Ledum glandulosum.",,,,,,,"Sheet - 1","United States",California,Mendocino,,"2.0 miles east of Fort Bragg, along road to Willits.",,0,,39.413862,-123.750312,WGS84,1000,,,,,,,107,,,,,"350 feet",,,krg,"2021-04-15 11:17:20",,35,urn:uuid:df068b1b-dcbe-4cb2-80fb-f687ebf4b750,https://www.cch2.org/portal/collections/individual/index.php?occid=1894573
1894574,UCSB,,,PreservedSpecimen,6505c71d-b6bb-447e-8d31-5863d70e7a2d,UCSB006093,C39665,Organism|Plantae|Viridiplantae|Streptophyta|Embryophyta|Tracheophyta|Spermatophytina|Magnoliopsida|Rosanae|Fagales|Myricaceae|Myrica,Plantae,Tracheophyta,Magnoliopsida,Fagales,Myricaceae,"Myrica californica",26363,Cham.,Myrica,,californica,,,Species,,,,,,,,"Bruce K. Orr",,439,1982-02-13,1982,2,13,44,,"13 February, 1982",Rare,"Bottom of marshy ravine with streamlet",,"Tree 1.0m tall",,,,,,,,"Juncus sp., Baccharis pilularis",,,,,,,"Sheet - 1","United States",California,"Santa Barbara",,"1.0 miles west of road along ridge on north side at bottom of ridge, Point Sal State Beach",,0,,34.904752,-120.669231,WGS84,,,,,,,,,,,,,,,,2019katherine,"2020-12-18 14:21:04",,35,urn:uuid:6505c71d-b6bb-447e-8d31-5863d70e7a2d,https://www.cch2.org/portal/collections/individual/index.php?occid=1894574
1894575,UCSB,,,PreservedSpecimen,d8ae6061-1cf1-4f4e-99d3-957608be6238,UCSB006094,023796,Organism|Plantae|Viridiplantae|Streptophyta|Embryophyta|Tracheophyta|Spermatophytina|Magnoliopsida|Rosanae|Fagales|Myricaceae|Morella,Plantae,Tracheophyta,Magnoliopsida,Fagales,Myricaceae,"Morella californica",26254,"(Cham.) Wilbur",Morella,,californica,,,Species,,,,,,,,"John R. Haller",,2190,1967-06-18,1967,6,18,169,,"June 18, 1967",,"Pinus Cupressus-Rhododendron woodland",,"Tree, 5 meters tall.",,,,,,,,,,,,,,,"Sheet - 1","United States",California,Mendocino,,"""Pygmy Forest"" near Fort Bragg, State Highway 20, 2.5 miles east of State Highway 1.",,0,,39.410282,-123.762544,WGS84,2000,,,,,,,122,,,,,"400 feet",,,krg,"2020-03-04 15:36:00",,35,urn:uuid:d8ae6061-1cf1-4f4e-99d3-957608be6238,https://www.cch2.org/portal/collections/individual/index.php?occid=1894575
1894576,UCSB,,,PreservedSpecimen,93f61363-07f6-4d2b-aedb-74c6811776d2,UCSB006095,038026,Organism|Plantae|Viridiplantae|Streptophyta|Embryophyta|Tracheophyta|Spermatophytina|Magnoliopsida|Rosanae|Fagales|Myricaceae|Morella,Plantae,Tracheophyta,Magnoliopsida,Fagales,Myricaceae,"Morella californica",26254,"(Cham.) Wilbur",Morella,,californica,,,Species,,,,,,,,"Goodwin, Cindy",,s.n.,1978-11-19,1978,11,19,323,,"Nov. 19, 1978",,,,Shrub.,,,,,,,,"Salix spp.",,,,,,,"Sheet - 1","United States",California,"San Luis Obispo",,"Along Oso Flaco Lake Road.",,0,,35.031245,-120.620872,WGS84,1000,,,,,,,,,,,,,,,krg,"2020-03-04 15:36:00",,35,urn:uuid:93f61363-07f6-4d2b-aedb-74c6811776d2,https://www.cch2.org/portal/collections/individual/index.php?occid=1894576
1894577,UCSB,,,PreservedSpecimen,3da0aa9d-42ea-4ff7-908a-690c74190cff,UCSB006096,069719,Organism|Plantae|Viridiplantae|Streptophyta|Embryophyta|Tracheophyta|Spermatophytina|Magnoliopsida|Rosanae|Fagales|Myricaceae|Morella,Plantae,Tracheophyta,Magnoliopsida,Fagales,Myricaceae,"Morella californica",26254,"(Cham.) Wilbur",Morella,,californica,,,Species,,,,,,,,"Tamara Klug",,HR76,1992-04-11,,,,,,04/11/1992,"Scattered on north-facing slope.",Woodland.,,,,,,,,,,"Lithocarpus densiflorus",,,,,,,"Sheet - 1","United States",California,"Santa Barbara",,"Hollister Ranch, western Santa Ynez Mountains and adjacent coastal plain, west of Gaviota State Park; on parcel 46.",,0,,34.493989,-120.374228,WGS84,1000,,,,,,,,,,,,,,,gwahlert,"2020-03-04 15:36:00",,35,urn:uuid:3da0aa9d-42ea-4ff7-908a-690c74190cff,https://www.cch2.org/portal/collections/individual/index.php?occid=1894577
1894578,UCSB,,,PreservedSpecimen,1a09c40e-b415-4a09-ad96-af028488f311,UCSB006097,031908,Organism|Plantae|Viridiplantae|Streptophyta|Embryophyta|Tracheophyta|Spermatophytina|Magnoliopsida|Rosanae|Fagales|Myricaceae|Morella,Plantae,Tracheophyta,Magnoliopsida,Fagales,Myricaceae,"Morella californica",26254,"(Cham.) Wilbur",Morella,,californica,,,Species,,,,,,,,"Mrs. R. F. Bingham",,s.n.,1880-03-00,1880,3,,,,"March 1880",,,,,,,,,,,,,,,,,,,"Sheet - 1","United States",California,"Santa Barbara",Montecito,"Hot Springs Cañon.",,0,,34.459445,-119.638953,WGS84,2000,,,,,,,,,,,,,,,gwahlert,"2020-03-04 15:36:00",,35,urn:uuid:1a09c40e-b415-4a09-ad96-af028488f311,https://www.cch2.org/portal/collections/individual/index.php?occid=1894578
1894579,UCSB,,,PreservedSpecimen,a7e94006-41f9-43f1-9030-398084daae9a,UCSB006098,022605,Organism|Plantae|Viridiplantae|Streptophyta|Embryophyta|Tracheophyta|Spermatophytina|Magnoliopsida|Rosanae|Fagales|Myricaceae|Morella,Plantae,Tracheophyta,Magnoliopsida,Fagales,Myricaceae,"Morella californica",26254,"(Cham.) Wilbur",Morella,,californica,,,Species,,,,,,,,"Glen Olson",,131,1968-07-28,1968,7,28,210,,"28 July 1968","On shaded, gentle west-facing slope.",,"Sandy loam soil.","Tree, 10 meters high.",,,,,,,,"Pinus muricata, Pseudotsuga menziesii.",,,,,,,"Sheet - 1","United States",California,Mendocino,,"10 meters off west side of Highway 1, 1.4 miles north of Albion, Pacific Coast.",,0,,39.237717,-123.773012,WGS84,1000,,,,,,,61,,,,,"200 ft.",,,krg,"2021-04-15 11:17:17",,35,urn:uuid:a7e94006-41f9-43f1-9030-398084daae9a,https://www.cch2.org/portal/collections/individual/index.php?occid=1894579
2085323,CHSC,VascularPlants,,PreservedSpecimen,3d14af66-ae90-40a8-8c92-6f52561d4dcc,CHSC081280,,Organism|Plantae|Viridiplantae|Streptophyta|Embryophyta|Tracheophyta|Spermatophytina|Magnoliopsida|Rosanae|Fagales|Myricaceae|Morella,Plantae,Tracheophyta,Magnoliopsida,Fagales,Myricaceae,"Morella californica",26254,"(Cham.) Wilbur",Morella,,californica,,,Species,herbarium,n.d.,,,,,,"Colby J. Boggs",,33,1997-04-19,1997,4,19,109,,04/19/1997,,"Small tree. Along with Pinus muricata, Mimulus aurantiacus, and Equisetum arvense. Loam. Coastal terrace.",,,,,,,,,,,,,,,,,,"United States",California,Mendocino,,"Found 0.5 mi west of Hwy. 1 on Stoneboro Rd. T13N R17W S USGS Quadrangle: Point Arena 1:24,000",,0,,38.9675,-123.696944,NAD83,402,"T13N R17W S; 38§ 58m 3s N; 123§ 41m 49s W","Bill Carlson",,,,,12,,,,,40ft.,,,,"2021-09-03 12:59:26",,44,urn:uuid:3d14af66-ae90-40a8-8c92-6f52561d4dcc,https://www.cch2.org/portal/collections/individual/index.php?occid=2085323
2095945,CHSC,VascularPlants,,PreservedSpecimen,c1d1d72f-6e28-4223-b790-617c5e645265,CHSC086090,,Organism|Plantae|Viridiplantae|Streptophyta|Embryophyta|Tracheophyta|Spermatophytina|Magnoliopsida|Rosanae|Fagales|Myricaceae|Morella,Plantae,Tracheophyta,Magnoliopsida,Fagales,Myricaceae,"Morella californica",26254,"(Cham.) Wilbur",Morella,,californica,,,Species,herbarium,n.d.,,,,,,"R. D. Fischer",,38,2003-12-28,2003,12,28,362,,12/28/2003,,"Side of highway. Other plants scattered in forest.",,,,,,,,,,,,,,,,,,"United States",California,Mendocino,,"North Coast, outer range, north of Casper within Jughandle State Park. Plant found inland side of Hwy 1, about quarter mile east of Jughandle SP parking lot along pygmy forest trail.",,0,,39.376111,-123.812778,NAD83,1609,"39§ 22m 34s N; 123§ 48m 46s W","Bill Carlson",,,,,30,,,,,100ft.,,,,"2021-09-03 12:58:16",,44,urn:uuid:c1d1d72f-6e28-4223-b790-617c5e645265,https://www.cch2.org/portal/collections/individual/index.php?occid=2095945
2125561,CHSC,VascularPlants,,PreservedSpecimen,863463aa-4bc3-47f8-8cf7-83b7cb03fc0c,CHSC098621,,Organism|Plantae|Viridiplantae|Streptophyta|Embryophyta|Tracheophyta|Spermatophytina|Magnoliopsida|Rosanae|Fagales|Myricaceae|Morella,Plantae,Tracheophyta,Magnoliopsida,Fagales,Myricaceae,"Morella californica",26254,"(Cham.) Wilbur",Morella,,californica,,,Species,herbarium,n.d.,,,,,,"Richard R. Halse",,7019,2006-08-23,2006,8,23,235,,08/23/2006,"Label says Oregon State University.","Shrub to one meter tall. Associated taxa: Rubus, Rhododendron, Gaultheria, Alnus, Salix, Cytisus.",,,,,,,,,,,,,,,,,,"United States",Oregon,Lincoln,,"Along U.S. Hwy. 101 at its junction with N.E. Idaho Street ca. 2.2 miles north of Yachats.",,0,,44.356389,-124.0925,"WGS 1984",,"44§ 21m 23s N; 124§ 5m 33s W",,,,,,12,,,,,,,,,"2021-09-03 12:58:16",,44,urn:uuid:863463aa-4bc3-47f8-8cf7-83b7cb03fc0c,https://www.cch2.org/portal/collections/individual/index.php?occid=2125561
2137941,CHSC,VascularPlants,,PreservedSpecimen,31fd231d-08bc-43a2-aae6-2b2e93bf288c,CHSC058383,,Organism|Plantae|Viridiplantae|Streptophyta|Embryophyta|Tracheophyta|Spermatophytina|Magnoliopsida|Rosanae|Fagales|Myricaceae|Morella,Plantae,Tracheophyta,Magnoliopsida,Fagales,Myricaceae,"Morella californica",26254,"(Cham.) Wilbur",Morella,,californica,,,Species,herbarium,n.d.,,,,,,"Georgia Mason",,9345,1972-05-14,1972,5,14,135,,05/14/1972,"Label says: Herbarium of the University of Oregon, Eugene, Oregon.","Shrub to 8 m tall, with Pinus, Gaultheria shallon and Vaccinium, in sandy soil.",,,,,,,,,,,,,,,,,,"United States",Oregon,Lane,,"High bluffs near the Coast Guard Station, Florence.",,0,,43.9828,-124.0986,,402,,"Michelle Buonopane",,"OrlookId: 9021, StateProvince: Oregon, County: Lane, LocName: Florence",,"copied from duplicate; Georeferencing could be made more precise.",,,,,,,,,preprocessed,"2021-09-03 12:58:16",,44,urn:uuid:31fd231d-08bc-43a2-aae6-2b2e93bf288c,https://www.cch2.org/portal/collections/individual/index.php?occid=2137941
2137942,CHSC,VascularPlants,,PreservedSpecimen,de55e8bd-dacd-411a-b72d-2e1d278fbbf7,CHSC058382,,Organism|Plantae|Viridiplantae|Streptophyta|Embryophyta|Tracheophyta|Spermatophytina|Magnoliopsida|Rosanae|Fagales|Myricaceae|Morella,Plantae,Tracheophyta,Magnoliopsida,Fagales,Myricaceae,"Morella californica",26254,"(Cham.) Wilbur",Morella,,californica,,,Species,herbarium,n.d.,,,,,,"Georgia Mason",,9345A,1972-05-14,1972,5,14,135,,05/14/1972,"Label says: Herbarium of the University of Oregon, Eugene, Oregon.","Shrubs about 8 m tall, in sandy soil, with Pseudotsuga, Pinus and Alnus; along a fork of the Siuslaw River.",,,,,,,,,,,,,,,,,,"United States",Oregon,Lane,,"Old dune near the Campground on South Jetty Road, Glenada, Oregon along a fork of the Siusslaw River.",,0,,43.9606,-124.1028,,402,,"Michelle Buonopane",,"OrlookId: 9027, StateProvince: Oregon, County: Lane, LocName: Glenada",,"copied from duplicate; Georeferencing could be made more precise.",,,,,,,,,preprocessed,"2021-09-03 12:58:16",,44,urn:uuid:de55e8bd-dacd-411a-b72d-2e1d278fbbf7,https://www.cch2.org/portal/collections/individual/index.php?occid=2137942
2137946,CHSC,VascularPlants,,PreservedSpecimen,22920c99-d887-4a7f-8cbf-9183896e5322,CHSC024755,,Organism|Plantae|Viridiplantae|Streptophyta|Embryophyta|Tracheophyta|Spermatophytina|Magnoliopsida|Rosanae|Fagales|Myricaceae|Morella,Plantae,Tracheophyta,Magnoliopsida,Fagales,Myricaceae,"Morella californica",26254,"(Cham.) Wilbur",Morella,,californica,,,Species,herbarium,n.d.,,,,,,"A. W. Ratcliff",,1,1976-04-19,1976,4,19,110,,04/19/1976,,"Catkins yellow and brown green; shrub ca. 8 ft. high. Coastal Prairie.",,,,,,,,,,,,,,,,,,"United States",California,Mendocino,,"Ca. 700 ft N of mouth of Morrison Gulch and 5.6mi S of Point Arena via Hwy 1.",,0,,38.843052,-123.635001,WGS84,100,,,,GeoLocate,,,37,,,,,120ft.,,,,"2021-09-03 12:58:16",,44,urn:uuid:22920c99-d887-4a7f-8cbf-9183896e5322,https://www.cch2.org/portal/collections/individual/index.php?occid=2137946
2150895,CHSC,VascularPlants,,PreservedSpecimen,b00fc6fd-2d4a-4d7b-b742-1d041f30d576,CHSC119587,,Organism|Plantae|Viridiplantae|Streptophyta|Embryophyta|Tracheophyta|Spermatophytina|Magnoliopsida|Rosanae|Fagales|Myricaceae|Morella,Plantae,Tracheophyta,Magnoliopsida,Fagales,Myricaceae,"Morella californica",26254,"(Cham.) Wilbur",Morella,,californica,,,Species,,,,,,,,"Lowell Ahart","Dr. Marge Anthony, John Dittes, Josephine Guardino",18601,2013-04-25,2013,4,25,115,,04/25/2013,,"Twigs from a shrub 5 feet tall, on damp dark soil, near the edge of a residential driveway. Common. Coastal Prairie.",,,,,,,,,,,,,,,,,,"United States",California,Sonoma,,"Near the edge of a residential driveway, 0.7 miles (air) east of Pacific Ocean, 0.8 miles (air) west of Gualala River. T10N R14W S USGS Quadrangle: North Coast",,0,,38.708889,-123.441389,,,"T10N R14W S; 38§ 42m 32s N; 123§ 26m 29s W",,,,,,111,,,,,365ft.,,,,"2019-01-31 12:26:57",,44,urn:uuid:b00fc6fd-2d4a-4d7b-b742-1d041f30d576,https://www.cch2.org/portal/collections/individual/index.php?occid=2150895
2175137,UCSC,,,PreservedSpecimen,03c14491-2dae-42f1-97d5-d6717a52b0b6,UCSC100011580,6479,Organism|Plantae|Viridiplantae|Streptophyta|Embryophyta|Tracheophyta|Spermatophytina|Magnoliopsida|Rosanae|Fagales|Myricaceae|Morella,Plantae,Tracheophyta,Magnoliopsida,Fagales,Myricaceae,"Morella californica",26254,"(Cham.) Wilbur",Morella,,californica,,,Species,,,,,,,,"Greg Gilbert",,,2008-03-26,2008,3,26,86,,26-Mar-08,"MYRICA III; 1 of 2",,,,,,,,,,,,,,,,,,,"United States",California,"Santa Cruz",,"UCSC Forest Ecology Research Plot (FERP)",,0,,37.01307,-122.07256,,,,270,,"UCSanta Cruz D",,"GoogleMaps via BerkeleyMapper (copied from UCSC6240)",,,,,,,,,emau,"2021-07-08 18:23:16",,13,urn:uuid:03c14491-2dae-42f1-97d5-d6717a52b0b6,https://www.cch2.org/portal/collections/individual/index.php?occid=2175137
3140900,FSC,,,PreservedSpecimen,13f92e32-5f71-4455-b8cb-71594ac28f98,FSC0005547,,Organism|Plantae|Viridiplantae|Streptophyta|Embryophyta|Tracheophyta|Spermatophytina|Magnoliopsida|Rosanae|Fagales|Myricaceae|Myrica,Plantae,Tracheophyta,Magnoliopsida,Fagales,Myricaceae,"Myrica californica",26363,Cham.,Myrica,,californica,,,Species,,,,,,,,"Dean William Taylor",,783,1970-11-07,1970,11,7,311,,"7 Nov 1970",,"Fresh water lake supporting Freshwater marsh and Myrica-Salix association. On sand _ mile from the ocean.",,"Shrubs to 10 feet.",,,,,,,,,,,,,,,,"United States",California,"San Luis Obispo",,"Collected at Oso Flaco Lake; in southern San Luis Obispo County; _ mile from the ocean.",,0,,35.03264,-120.61844,NAD27,1000,,deanwmtaylor,,,,,,,,,,"sea level",,,deanwmtaylor@gmail.com,"2020-10-01 19:18:53",,38,urn:uuid:13f92e32-5f71-4455-b8cb-71594ac28f98,https://www.cch2.org/portal/collections/individual/index.php?occid=3140900
3141044,FSC,,,PreservedSpecimen,0b189cb6-afe2-40cd-b21a-c76018925169,FSC0005550,,Organism|Plantae|Viridiplantae|Streptophyta|Embryophyta|Tracheophyta|Spermatophytina|Magnoliopsida|Rosanae|Fagales|Myricaceae|Myrica,Plantae,Tracheophyta,Magnoliopsida,Fagales,Myricaceae,"Myrica californica",26363,Cham.,Myrica,,californica,,,Species,,,,,,,,"B. E. Deuel",,54,1966-05-13,1966,5,13,133,,"13 May 1966",,"Growing with Rubus parviflorus under redwood.",,"Small tree; basal diameter 4 in., height 8 ft. Bark smooth and grayish.",,,,,,,,,,,,,,,,"United States",California,Humboldt,,"T 6N, R 1E, sec. 28, H.S.C. [Humboldt State College] North side of Wildlife Bldg.",,0,,40.875655,-124.07211,WGS84,969,,carsontaylor,,"GeoLocate (CoGe)",,"used TRS; error radius 969",,,,,,,,,preprocessed,"2021-05-11 10:41:08",,38,urn:uuid:0b189cb6-afe2-40cd-b21a-c76018925169,https://www.cch2.org/portal/collections/individual/index.php?occid=3141044
3142091,FSC,,,PreservedSpecimen,f998d57f-7d3d-4cdd-850f-15a7fd4e8694,FSC0005549,,Organism|Plantae|Viridiplantae|Streptophyta|Embryophyta|Tracheophyta|Spermatophytina|Magnoliopsida|Rosanae|Fagales|Myricaceae|Myrica,Plantae,Tracheophyta,Magnoliopsida,Fagales,Myricaceae,"Myrica californica",26363,Cham.,Myrica,,californica,,,Species,,,,,,,,"Carol Hett",,70-112,1970-11-07,1970,11,7,311,,"7 Nov 1970",Abundant.,"Collected in sand dunes; Coastal strand.; Soil. sand. Associated species: Salix sp.",,"A woody shrub. The flowers are in catkins that are apetalous and lacking a perianth.",,,,,,,,,,,,,,,,"United States",California,"San Luis Obispo",,"Collected in the sand dunes next to Lake Oso Flaco.",,0,,35.031885,-120.623381,WGS84,1500,,kdpearso,,"GeoLocate (CoGe)",,"dunes around Oso Flaco Lake extend for some distance, but error radius somewhat narrower since dunes are supposedly close to the lake",,,,,,"sea level",,,preprocessed,"2021-09-16 07:21:41",,38,urn:uuid:f998d57f-7d3d-4cdd-850f-15a7fd4e8694,https://www.cch2.org/portal/collections/individual/index.php?occid=3142091
3621120,OBI,,,PreservedSpecimen,fdc77326-62f6-4eb6-9e09-c5d32ecec8ed,OBI161502,,Organism|Plantae|Viridiplantae|Streptophyta|Embryophyta|Tracheophyta|Spermatophytina|Magnoliopsida|Rosanae|Fagales|Myricaceae|Morella,Plantae,Tracheophyta,Magnoliopsida,Fagales,Myricaceae,"Morella californica",26254,"(Cham.) Wilbur",Morella,,californica,,,Species,,,,,,,,"Reed Kenny",,656,2019-05-20,2019,5,20,140,,,,"Marsh perched on lip of large gully in Perennial coastal grasslands","Mudstone, sandy loam.","Shrub to 12 ft. Rounded canopy, some with single thick trunks",,,,,,,,"Calamagrostis nutkaensis, Juncus hesperius, Baccharis pilularis",,,,,,,,"United States",California,"Santa Cruz",,"Swanton Pacific Ranch",,0,,37.07161,-122.255,WGS84,,,,,,,,,,,,,,,,,"2021-07-26 11:54:22",,12,urn:uuid:fdc77326-62f6-4eb6-9e09-c5d32ecec8ed,https://www.cch2.org/portal/collections/individual/index.php?occid=3621120
3672035,UCR,,,PreservedSpecimen,UCR-BPS-252233,UCR0040067,UCR-252233,Organism|Plantae|Viridiplantae|Streptophyta|Embryophyta|Tracheophyta|Spermatophytina|Magnoliopsida|Rosanae|Fagales|Myricaceae|Myrica,Plantae,Tracheophyta,Magnoliopsida,Fagales,Myricaceae,"Myrica californica",26363,Cham.,Myrica,,californica,,,Species,"A.C. Sanders",2014,,,,,,"Mitch Provance",,612--05,2012-06-12,2012,6,12,164,,2012-6-12,Shrub.,"Rocky hill with Myrica californica, Dudleya, Festuca, Stipa pulchra, Triteleia laxa, Rubus, Eschscholzia californica, Baccharis pilularis, Acaena pinnatifida, etc.",,,,,,,,,,,Fruiting,,,,,,,"United States",California,"San Francisco",,"San Francisco, Ingleside Heights neighborhood, Nanny Goat Hill at Lakeview and Ashton Mini Park, near corner of Shields St. and Orizaba Ave.",,0,,37.71819,-122.46264,,,,,,GoogleEarthMCP,,,159,,,,,,,,,"2021-09-26 15:34:31",UCR-BPS-252233,3,urn:uuid:3174d76e-949b-441f-a8e7-38a9b13bd4b5,https://www.cch2.org/portal/collections/individual/index.php?occid=3672035
3676774,UCSC,,,PreservedSpecimen,df583b1b-b403-4f0c-ae26-0ccc18da92b1,UCSC100001213,,Organism|Plantae|Viridiplantae|Streptophyta|Embryophyta|Tracheophyta|Spermatophytina|Magnoliopsida|Rosanae|Fagales|Myricaceae|Morella,Plantae,Tracheophyta,Magnoliopsida,Fagales,Myricaceae,"Morella californica",26254,"(Cham.) Wilbur",Morella,,californica,,,Species,,,,,,,,"Reed C. Benkendorf",,s.n.,2017-10-02,2017,10,2,275,,10/2/2017,,"Draining edge between two terraces",,,,,,,,,,"Rubus sp. , Juncus patens",,,,,,,,"United States",California,"Santa Cruz",,"Cotoni-Coast Dairies National Monument",,,,37.033639,-122.207306,WGS84,,"37°02'01.1""N,122°12'26.3""W",,,"Garmin GPS",,,95,,,,,,,,lisepeterson,"2019-08-29 11:36:01",,13,urn:uuid:df583b1b-b403-4f0c-ae26-0ccc18da92b1,https://www.cch2.org/portal/collections/individual/index.php?occid=3676774
4334106,OSC,V,,PreservedSpecimen,{D4964C51-538B-482F-AAD0-A72730668878},,ORE115029,Organism|Plantae|Viridiplantae|Streptophyta|Embryophyta|Tracheophyta|Spermatophytina|Magnoliopsida|Rosanae|Fagales|Myricaceae|Myrica,Plantae,Tracheophyta,Magnoliopsida,Fagales,Myricaceae,"Myrica californica",26363,Cham.,Myrica,,californica,,,Species,"person unknown",2004,,,,,,"Martin W. Gorman",,s.n.,1924-05-03,1924,5,3,124,,1924-5-3,,"open woods and sandy slopes along the coast.",,,,,,,,,,,,,,,,,,"United States",Oregon,Curry,,"Port Orford.",,0,,42.7458,-124.4961,,402,,"[automated process-OregonFlora/OSU Herb]","OregonFlora 1994-2020 methodology","OrlookId: 16195, StateProvince: Oregon, County: Curry, LocName: Port Orford, ppl",,,,,,,,,,,,"2020-09-08 13:30:08",1104307,81,urn:uuid:b7f373fc-24f6-48cb-82f5-bf86d88b6c4c,https://www.cch2.org/portal/collections/individual/index.php?occid=4334106
4450389,OBI,,,PreservedSpecimen,185c589f-c3b9-4527-99ab-dfad037cabab,OBI148561,,Organism|Plantae|Viridiplantae|Streptophyta|Embryophyta|Tracheophyta|Spermatophytina|Magnoliopsida|Rosanae|Fagales|Myricaceae|Myrica,Plantae,Tracheophyta,Magnoliopsida,Fagales,Myricaceae,"Myrica californica",26363,Cham.,Myrica,,californica,,,Species,,,,,,,,"Kaito Lopez","Helen Dubee, Pete Waldburger",45,2020-09-03,2020,9,3,247,,,"Only individual found here","higher elevation mountain",,"prolific individual growing at the edge of a cliff",,,,,,,,"Heteromeles arbutifolia, Clinopodium douglasii",Fruits,,,,,,,"United States",California,"San Luis Obispo",,"Grounds of Pacific Gas and Electric Company's Diablo Canyon Nuclear Power Plant. Western end of San Luis Range. Found growing on cliffside of the gravel road after entering through Gate Delta near power plant.",,0,,35.21138889,-120.8247222,,30,,,,,,,,,,,,1040,,,,"2021-02-23 14:19:39",,12,urn:uuid:185c589f-c3b9-4527-99ab-dfad037cabab,https://www.cch2.org/portal/collections/individual/index.php?occid=4450389
